,LHA11561.0001.1.1.2.1.ZZX6GV14_S1,LHA11561.0002.1.1.2.2.ZZX6GWU2_S2,LHA11561.0003.1.1.2.3.ZZX6GYKK_S3,LHA11561.0004.1.1.2.4.ZZX6H0B2_S4,LHA11561.0005.1.1.6.1.ZZX6GV40_S5,LHA11561.0007.1.1.6.3.ZZX6GYNC_S7,LHA11561.0008.1.1.6.4.ZZX6H0DU_S8,LHA11561.0009.1.1.7.1.ZZX6GV4Q_S9,LHA11561.0010.1.1.7.2.ZZX6GWXJ_S10,LHA11561.0011.1.1.7.3.ZZX6GYO1_S11,LHA11561.0012.1.1.7.4.ZZX6H0EJ_S12,LHA11561.0013.1.1.18.1.ZZX6GVCO_S13,LHA11561.0014.1.1.18.2.ZZX6GX56_S14,LHA11561.0015.1.1.18.3.ZZX6GYVO_S15,LHA11561.0016.1.1.18.4.ZZX6H0M6_S16
04eb9fadbee5232a5e40abb176960816,5481,34,404,1663,5644,6170,290,0,47,484,1326,157,1224,18,14
4cf44ed0bb60e934e9a775731c727392,0,21,0,0,0,11,0,49140,31808,16,21,8,43,33,6
1ca358eae903847ab3c0f8c50218de5c,0,0,5,7,11,0,0,17,25,31628,46568,32449,215,10,7
f3f165ba5ceeda2548584b33dc91fbd0,4,0,0,0,0,0,0,0,9,0,0,0,0,0,0
625b4a6d792d6e455ed9a9224c684b83,11904,19425,20284,18088,13452,5417,238,0,10,6756,106,263,12573,2899,4175
1777426ee6ded91bcb7349a47964c37b,891,0,69,247,801,0,0,0,0,0,0,0,0,0,0
53843be9c1e61c592a61913343781530,27232,24277,24505,34000,4234,22743,21274,0,18,65,369,8,3283,636,4426
f9552a04aee636b576e1a0269ba5379d,0,0,36,0,17277,75,555,9,0,1006,3383,5776,1720,86,572
7737ea7a64af674208942bee3640636e,20545,8254,11016,13993,20,0,0,7,16,7750,12043,1578,235,2670,535
96182bb822e04f753e31c29ab8da343d,0,0,0,0,128,0,0,0,0,7091,89,259,7336,435,1070
347e2389fb1831bddaf8836f19d94538,10511,16,12,0,6922,2819,1261,0,13,0,0,817,15681,1492,1544
8c0d2306a1323a82c22cb9c9401d8436,0,0,0,0,9681,15267,7774,0,0,0,0,3329,4304,3008,689
48ec9d850abfe9cf88a9d2a1461b3dc1,8631,17139,10739,14960,4315,2952,3861,0,0,0,0,0,68,0,100
71ccbb27dd140dd6cc49e9185ec5933a,0,89,152,197,2334,6440,1402,0,0,63,121,84,209,1320,1002
b444b0c7533dc54e4c5d61af3fd4ce2c,0,0,0,0,0,0,0,0,0,0,0,0,0,0,0
5c7cf41d722f88f1b5700dcb1b0f0102,5744,8945,5475,5128,4041,3276,224,0,0,1546,113,401,1647,0,0
3df51ac4450d487efe4d52c403915cd3,4962,8947,71,28,3969,2758,3588,0,0,0,0,0,0,0,0
a431a4b95cde749fb790f033b6857dc4,0,0,0,0,0,6492,9808,0,0,0,0,947,0,4973,1305
20196c3e4f38d547a60b95bf25ddc1a6,486,2993,1652,2049,2485,479,760,0,0,977,1072,2294,3483,3405,2048
81faa2c902c5aa9658ffbb4c25abceae,52,940,3310,5023,4121,350,1072,0,0,69,174,762,499,0,0
c8f49dc8d37dce4191e305c1f8cffd09,24,0,0,0,0,0,0,52304,30141,0,0,0,0,0,0
f76775c5cf25a7a801532676369c8002,0,349,0,0,0,0,28,0,0,0,13,0,0,0,46
3b74eb52c75b2b691d8eea896b1dc9c6,0,40,0,0,0,2117,1013,0,0,207,3184,0,0,1985,2306
236e78cb28981a293a3d4a683ff57c97,0,0,0,0,0,0,0,0,0,0,0,3,0,9815,0
cd91ecbff9e52a4dcb11e497a4a6a60e,0,0,0,0,0,0,0,0,0,0,0,0,0,0,0
97c227806bfb9d84ca4f9c2ffddbf78c,141,0,0,0,181,166,0,0,0,0,0,0,0,0,0
9174ec73b77a24cffec54174823b2adc,3705,4770,2674,6316,0,0,0,0,0,2066,3119,447,72,892,158
46d8ecf794eaae22859addb9a7883343,1813,2293,3241,5034,1305,731,316,0,0,185,202,1281,332,0,0
52455d900b521ca910aaf766636420d2,539,760,624,1161,743,142,157,0,0,219,69,126,18,0,0
92f45593083dc644a81accd52e305195,0,0,0,0,279,763,0,0,0,0,0,29,63,245,50
81b9b2f1822ece4022770ad64971a8a2,0,0,0,0,0,0,0,0,0,2976,128,1202,1100,687,1325
67b35c74e74df02918882fe8200442d4,0,0,0,0,0,0,0,0,0,0,0,0,0,0,0
178554ae7560dd4e7cd3b2875f39560a,0,0,0,0,14,40,103,0,0,0,2,1733,18,2092,308
21f64163a9803060952765b396a69364,0,0,0,0,0,2206,699,0,0,0,0,167,2635,489,498
1fc0e1349de1aa453290997f0eee9128,0,0,0,0,0,0,0,0,0,0,0,280,64,912,90
936f6d40c20007b20690b986a57a890d,0,0,0,0,0,0,0,0,0,0,0,0,0,0,0
f39205511781deac80f19b2d301674da,473,2799,1171,1444,213,238,105,0,0,324,365,857,1014,1277,640
ad5395ef2da701094b0eba8c92fcc83a,164,1728,1806,1415,26,32,35,0,0,0,0,1060,364,1010,943
a9280a264e1e30daa0ce62a44189d028,0,0,0,0,0,0,0,0,0,0,0,0,0,0,0
aaad7bda052fd2161ca47908b959e38e,0,0,0,0,0,0,0,0,0,0,0,0,0,0,0
55f24fdd29f20eb274263ec119c11d3b,0,0,0,0,0,0,0,0,0,0,0,0,0,0,0
267b6237dff5f3e8becc212dcd240da9,0,0,0,0,309,815,0,0,0,0,0,508,115,1795,408
e4bd39957671a59ab2032e2501a7ca22,76,104,276,405,26,377,2067,0,0,0,25,0,20,1,31
ce9ef55cd89c79decbadc03212539b3f,0,0,0,0,4928,3147,4028,0,0,0,0,0,0,0,0
fc1b44adae7d05d0c6d884ae2104c93a,5523,3900,8862,4817,0,0,0,0,0,0,0,0,0,0,0
1bab4f3aa27110c3662bc567973c71be,0,0,0,0,0,0,0,0,0,0,0,0,0,0,0
356299c010b5cd62734f30cff415cce5,0,0,0,0,0,0,0,0,0,10,0,187,0,1420,0
6e3949ea6ac544b3ca989f4536b440f0,102,0,0,0,0,0,0,0,0,0,0,607,261,2003,481
81d3d0edbffb50899055c5ae1a91cd37,0,0,0,0,0,0,0,0,0,0,0,0,0,0,0
9230327ce97dc5ee4620aab1b711a902,8,0,0,0,0,0,0,0,0,0,0,0,0,0,0
c7f706661cf23dcd5a256778423d2a61,766,0,0,0,264,127,23,0,0,0,0,0,76,20,83
29bd63abd5c56b2756b4fb620a3be91e,0,0,0,0,0,0,0,0,0,0,0,0,0,0,0
774e3a0784663d256ae483148b90574c,1773,2892,3875,4615,0,0,0,0,0,572,678,6266,735,0,0
d0bee9621d6139e3f9875b51ce7a20ff,0,0,0,0,0,0,0,0,0,0,209,115,177,0,0
07166e33ccf564db49455cc52f2ca1bc,0,0,141,0,282,145,777,0,0,0,54,0,15,27,23
c9dcdb0562021f9492018433457c7c14,0,0,0,0,0,0,267,0,0,0,0,45,29,0,211
8eb06da9a5ca735a9a62a94fcea0b0cd,0,0,0,0,0,0,0,0,0,0,0,0,0,0,0
1ad2657c6f7f1c45037602e7e51bcd8e,0,0,0,0,0,0,0,0,0,0,0,0,0,0,0
2bdbf4f4c380cb1984d6407252f26acb,34,0,0,0,0,0,0,0,0,0,0,73,237,375,0
0325af6867c749e4ece693f974bb7813,899,2567,1559,2078,279,0,0,0,0,646,186,59,956,866,238
b32ab57662eca34279924478436e651f,0,0,0,0,0,0,0,0,0,9735,5548,0,0,0,0
4a5a96f6f40b09d30e233acc93c70cf3,829,945,616,1425,784,0,75,0,0,117,76,195,61,0,0
9b04dfa01e2eceb3468e808bf7b52b51,0,0,0,0,0,0,0,0,0,0,0,298,0,4708,559
8ca4a22ecc9f3b0e44ecc5568b7fa893,0,0,0,0,0,0,0,0,0,0,0,1445,3412,941,2179
30f6fa56908eb17026cd77244339731a,0,0,0,0,0,0,0,0,0,0,0,0,0,0,0
4ede65f6f0bf2af41a2556ed95b33666,0,0,0,0,0,0,0,0,0,94,0,1070,976,563,1466
dab38674081068e96540403a4580bbf2,0,0,0,0,0,0,0,1257,855,0,0,0,0,0,0
5247f6c7bac1f091179eed5e6ef1e935,213,1056,0,0,0,0,0,0,0,0,0,718,162,2466,482
373c9d943e976acf2b58bfd394d46938,0,0,0,0,0,0,0,0,0,0,0,1,5,16,0
427c3556d599b57a330f2ba52709bc82,332,766,2569,2114,2129,793,6239,0,0,0,8,0,170,68,55
6f30670d94515423328fbe1b6907eab8,0,0,0,0,0,0,0,0,0,0,0,0,0,0,0
37a63ae3efb5ab860535602d7cfacfdb,0,0,0,0,0,0,0,0,0,0,0,0,0,0,0
15430f16a631bdc65b1b2db86af7de8c,53,92,81,144,240,36,20,0,0,60,43,114,77,0,0
06c88a075ad598104cfa938079f74c83,1878,1444,1043,1898,0,602,463,0,0,447,288,124,1038,74,0
e3104d842222dc81cee40168748ec80a,0,0,0,0,0,0,0,0,0,0,0,0,0,0,0
167f7cc66030d3476fa277005ca630ff,0,0,0,0,0,0,0,0,0,0,0,0,0,0,0
ddba3abf2375d011b7b43ce7295ae9f4,0,0,0,0,0,0,0,0,0,0,0,0,0,1618,0
ba3b543cbded0cf418f692ce49ce0935,0,0,685,96,0,0,0,0,0,1277,0,59,509,2443,465
a113f6a70c798e06c9642757a1863a24,0,0,0,0,0,0,0,0,0,0,0,0,0,0,0
b320a60f6d33c0ce893230c35af604e2,0,0,0,0,0,0,0,0,0,0,0,48,0,0,0
14d853eb15aa1667961835da8775d16b,0,0,0,0,0,0,0,0,0,1791,0,0,0,314,0
a13d176c050c5db92ae8e706d7b47126,0,0,0,0,0,0,0,0,0,0,0,373,0,1724,363
1f4715025880e2c397c58cf1e56fdc6a,0,0,0,0,0,0,0,0,0,842,1217,847,0,0,0
bb48ed516ec0fe21045795cfd9f9d163,0,0,0,0,0,0,0,0,0,0,0,0,0,0,0
9d7ae76778c7cafd3356cc7000b165e7,59,111,0,21,251,85,68,0,0,353,351,583,173,475,0
45f3941dc1d4a0cc6a8b3e4edd4f15db,0,0,0,0,0,0,0,0,0,0,0,0,0,0,0
d3cf8903de198d124d5a7eb57a89416f,0,0,0,0,0,0,0,0,0,0,0,0,0,0,0
1de5c6de99d44551d411e21edd2ea6df,0,0,0,0,0,0,0,0,0,0,0,0,0,0,0
ef0b43c7bdea20cbc788b0f5fc79708f,0,0,0,0,0,0,0,0,0,0,0,0,0,0,0
82fefc0d04678e6b22e67e73efdd30ae,0,0,0,0,0,0,12,0,0,121,206,310,281,0,20
a6558a167300ff12340552c3b645336b,0,0,0,0,97,49,41,0,0,931,20,533,218,970,676
2b3f74ee1d2c88e3c83ea56cb9ee1903,0,0,5251,6866,0,0,0,0,0,0,0,0,0,0,0
60e389dfb83cd1f65749e020eee940d9,0,0,0,0,0,0,0,0,0,0,0,0,0,0,0
81585f173ce483c9b7228ab085f64f2e,313,513,551,460,361,154,0,0,0,193,0,0,369,92,147
5c5e95ecc0d0185babdba693e2b25fc5,0,0,0,0,0,0,0,0,0,0,0,0,0,0,0
57eafe6b9908935377da103b80938f36,0,0,0,0,0,0,0,0,0,0,0,0,0,13,0
1c06925dc035a9d04400b95dda595958,10,0,29,0,80,45,0,65,23,0,4,0,0,0,0
4d388555cd8ad056824d1060bdd8a715,454,0,99,487,87,41,0,0,0,21,1443,0,0,0,0
8bb807ac75b5126468f1fc3d244671f2,0,0,0,0,0,0,0,0,0,0,0,0,0,0,0
5a4c6a7fef95a32780b7aa00ef349b25,0,0,0,0,0,0,0,0,0,0,0,0,0,0,0
511b306bd1edac3b84e915f1b2ea25e1,0,0,0,0,0,0,0,0,0,0,0,0,0,0,0
2d39debfb8cce5bca2555024f1e8af3b,0,0,0,0,0,0,0,0,0,0,0,0,0,0,0
6b89a2e0abb731c72914f20657381c1b,0,0,0,0,0,0,0,0,0,0,0,0,0,0,0
678b1165a69b7c42472818ea06550964,0,0,0,0,0,0,0,0,0,0,0,67,403,0,0
deab97980de525569d6737272118609a,0,0,0,0,0,0,0,0,0,0,0,0,0,0,0
748a6f0b0becd6bffa8341cd64a209c0,0,0,0,0,0,0,0,0,0,5502,229,1113,1051,636,1255
774d4e3c77a5ea8767f78da0c6526894,315,541,523,442,362,155,0,0,0,0,0,0,344,0,0
4eff99b5d02cc47e3d184718c52f5aa1,0,0,0,0,8,0,0,0,0,0,0,0,278,210,9
8faaffadeac304709dd50b2d20009843,0,6,0,0,0,0,44,0,0,69,432,67,0,0,15
d4eb8a2e1cbe67cc66629677e2d184f3,0,0,0,0,0,58,0,0,0,0,0,0,0,0,0
d8dabcc347b8f845a87c89c7b3821e27,0,0,0,0,0,0,0,0,0,0,0,0,0,0,0
cc28a64fd49033bfb6d3bd175111e9d6,0,0,0,0,0,34,0,0,0,0,0,0,0,0,0
f693755dc48a2b83d01d0332afceeeba,0,0,0,0,8,0,0,0,0,162,0,0,0,119,0
cc0012347d8900998690f69fcd5f180c,0,162,1705,1037,0,0,0,0,0,0,0,0,0,0,0
a7a8c3c42a4c7599234771040458a595,0,0,0,0,153,5,0,0,0,0,0,0,641,0,0
97828f0e9b48f51a96137c66497c1ab7,0,183,37,0,0,0,0,0,0,0,0,0,0,0,0
9a043a780aad9aeff1705777f2bd39cc,0,4,48,29,46,0,0,48,29,0,0,0,0,0,0
8d9790a8defe8a57e5cffa1ee741e9dc,0,0,0,0,0,0,0,0,0,0,0,0,0,0,0
7a8732f088d5269d82525dfd620aa48b,0,0,0,0,0,0,0,0,0,0,0,0,0,0,0
12d93520f44c0271170211e58956eda8,0,0,0,0,0,0,0,0,0,0,0,0,0,2,0
5ebf4b70e0c4dc77f333b8793e826a1d,801,751,683,975,105,600,630,0,0,0,5,0,108,0,154
0cc6d431218c688229640237dbe965e6,0,0,0,0,0,0,0,0,0,0,0,0,0,0,0
c2ea11eaf0f18c711df037af74557cab,754,692,687,920,120,612,638,0,0,0,12,0,88,23,168
5b5ab54f81a1b98c3ea3a73621511e85,0,0,0,0,532,0,0,0,0,0,93,170,54,0,0
cf41e725dbcf4aa1a4e7fb99773225f6,0,0,0,0,0,0,0,0,0,531,0,0,0,1322,99
6c86c5703f233e168f248062ababab96,0,0,2,0,493,2,21,0,0,0,106,177,53,4,13
a09159a9830ef61168a905a764e092c8,3,12,15,0,0,0,0,0,0,0,0,0,0,0,0
77f931edfae5a0d05196a6d69468b766,0,0,0,0,21,0,0,0,0,0,0,0,0,0,0
3c7377bbae6d2bcf6a3eb6812913ef54,0,0,0,0,0,0,0,0,0,0,0,502,0,2025,530
ee2132dcb512804dcd71efa2d03c4b28,0,0,0,0,0,0,0,0,0,0,0,0,0,0,0
4f9c0f5c4dcc5e84de0e63aac7390274,0,0,0,0,0,0,0,0,0,295,0,0,195,693,160
e505f2561963a79e4cd3852af0b6bafd,0,0,0,0,0,0,0,0,0,0,0,0,0,0,0
5def293fe4f5a07a06538426ca19eb52,0,0,0,0,0,0,0,0,0,0,0,64,3768,903,1180
8858168046f2de81295629454f884c7a,0,0,0,0,0,0,0,0,0,0,0,0,0,0,0
e0ccb3a09f9a0a52f8c0e70e635a506c,570,236,276,372,0,0,0,0,0,199,285,42,0,76,0
0e2b3f0419f3afbba1b023843c17e368,0,0,0,0,0,0,0,0,0,0,0,64,0,0,0
41eaac2d87d3af679df64ed02e5ec7a1,0,0,0,0,5,0,0,0,0,205,0,0,214,13,52
8b90ccaa935499b6b48c4b6171d1ca76,297,0,0,0,202,75,37,0,0,0,0,0,413,0,0
bb155f2ee8d03544c11d18fe4e733771,0,0,0,0,0,0,0,0,0,0,0,0,0,0,0
215f743875580778737648607b95efd6,0,0,0,0,0,0,0,0,0,0,0,0,0,0,0
dbd499213d2354a168fb370694aa9582,0,0,50,77,48,0,0,0,0,90,38,92,0,184,5
d5fdfd028b9dc427f2093afb2879d059,0,0,0,0,0,0,0,0,0,15,707,0,1490,1357,920
edc13d6bb619f20675d585f1a6686898,0,0,0,0,0,0,0,0,0,205,0,0,192,0,0
b1cf8c6490227c0c9a8ea489cc8d232e,0,0,0,0,0,0,0,0,0,0,0,0,0,0,0
01cd0e9d5e9256147ae462c002518728,0,0,0,0,41,17,10,0,0,133,12,0,75,0,0
90495396ea7dc6fd10e4161e7448e2c5,0,0,0,0,0,0,0,0,0,0,0,0,0,0,0
cccd5697900e23782ab6b2e6d265f01a,0,0,0,0,0,0,0,0,0,0,0,0,0,0,0
671151a62226c6922a2a608db6844610,243,497,284,433,106,62,126,0,0,0,0,0,0,0,0
7d4462dd5188d1a8e66de38f3398102d,0,0,2,0,0,6,172,0,0,0,0,0,0,0,0
b72fa27004f1f61ff93d4d0ff5576fd7,0,0,0,0,0,0,0,0,0,0,0,0,0,0,0
917b90ee5cc37041b6c74dd87b7b7b3a,0,0,0,0,0,0,0,0,0,0,0,0,0,0,0
3eaaf0e3d703ad371bad48549d74767e,0,0,0,0,0,0,0,0,0,0,0,0,0,0,0
dbaf817739c69f4987995c853cd68639,0,0,0,0,0,17,17,0,0,4,0,48,124,7,0
1c894369a1422352b77ca6b7998366f2,0,0,0,0,0,0,0,0,0,199,214,2009,230,0,0
ee7ad8b8ef048123416e2ca646e74da5,0,0,0,0,265,420,214,0,0,0,0,75,112,94,0
30ba0df272ad383372084df7b30f2bb2,0,0,0,0,93,0,0,0,0,0,0,0,102,201,0
72791e6dca7c8f7079f740d654afb598,226,447,281,406,101,80,113,0,0,0,0,0,0,0,0
376d0d9b8b927dd4768355e64c48a9a5,108,181,197,427,0,0,0,0,0,0,0,0,0,0,0
9266222a5f30671b5a16145513586e8a,0,0,0,0,0,0,0,0,0,0,0,0,0,0,0
6977101c74420b66c8b92b81536e01df,0,0,0,0,0,0,0,0,0,0,0,0,0,0,0
07547e91cd54f317ee921b11ca47e235,0,0,0,0,0,0,0,0,0,0,0,660,1715,443,1039
be0a751173ed7645d850d03362f8eeb3,0,0,0,0,0,0,0,0,0,0,0,0,0,0,0
9c5ce556fd442416e75b160660f95a23,27,24,176,456,25,19,27,0,0,0,0,4,0,0,0
4873b287ff395946a77ba86715559d72,0,0,0,0,0,0,0,0,0,0,0,0,0,0,0
76a1691ec45483a16bca8d4aafefbc86,0,0,0,0,0,0,0,0,0,94,0,0,0,0,104
d0d239231794051e8faa14046f02ede3,0,0,0,0,0,0,0,0,0,175,0,0,0,0,0
3a32315ea585018e223555cf46471a82,0,0,0,0,0,0,0,0,0,0,0,0,0,0,0
7b171350b9411b718ed5dbcf7485a7fc,0,0,0,0,0,0,0,0,0,0,0,0,0,0,0
eb37ebe81ca125f66d024929a8ed7c49,0,0,0,0,0,0,0,0,0,338,0,0,0,447,0
09e78e378e34a3e16b393fde463a74ca,0,0,0,0,0,0,0,0,0,0,0,0,0,0,0
8204d55fe4363b28053a1933941a9958,0,0,0,0,0,0,0,0,0,0,0,0,0,0,0
2bbec7ce1b4c308e50b494b96e73412e,0,0,0,0,0,0,0,0,0,402,65,0,48,67,0
51c6ce8ee4823a28d19e7dd8fa2fcb14,0,0,0,0,0,162,0,0,0,0,0,0,0,0,0
690a50b0017b17e6a7d1cb9f7b34e1ec,0,0,0,0,0,0,0,0,0,0,0,0,0,387,0
1d47d656d1cb367d5ab5e7b74b018d94,141,286,0,0,124,78,104,0,0,0,0,0,0,0,0
679b7094b8fd652de7ea955859c27e38,0,0,0,0,0,0,0,70,114,0,0,0,0,0,0
836a80c46e93f8508d55737e9a51a007,0,0,0,0,0,0,0,0,0,0,0,0,0,0,0
94d177f30e4c17cc0609b116c18c3e38,0,0,0,0,0,0,0,0,0,0,0,0,0,0,0
3a57950f035ad1fea07beac90ef636b8,0,0,0,0,0,0,0,0,0,0,0,131,2914,0,0
b5ffc719acfffe0e40288d146238ee19,0,0,0,0,0,0,0,0,0,0,0,76,0,0,42
5baee206a5f5069ebf09eaba5db8f626,0,0,0,0,0,0,0,0,0,0,0,0,0,0,0
12382769706c86d4083d3560b8051cf1,0,0,0,0,0,0,0,0,0,0,0,0,1117,699,0
454eca9b89709b0639bea204879fff52,117,236,0,0,88,67,90,0,0,0,0,0,0,0,0
703b688397f1519ba71e18543558a3a8,0,0,0,0,0,176,0,0,0,0,0,0,0,0,0
aae0b0d834fcda699b6421f4b699a307,0,0,0,0,0,0,0,0,0,0,0,0,0,30,0
888d682eb32cc17f3ba2d3aef621c007,0,0,0,0,0,0,0,0,0,0,0,0,0,0,0
c2274105ae4d5662f74927e35a98a948,167,267,109,135,131,80,0,0,0,0,0,0,45,0,0
c64919631810507c98e66afad2402569,0,0,0,0,0,183,277,0,0,0,0,0,0,139,56
602f00df98cba858a5cc1fb9eae92a20,0,0,0,0,0,159,250,0,0,0,0,0,0,134,55
e301918fcc44be55430fed1278d6d68d,0,0,0,0,0,0,0,0,0,0,0,0,0,0,0
a1b651ace43d39bfc927494ce3c9716d,0,0,0,0,0,0,0,0,0,0,0,0,0,0,0
99a20eff796594146e5b27ba8d5a2f7c,0,0,0,0,0,0,0,0,0,0,0,101,36,154,94
588462ad6bb433b91414b4d71e108d76,0,0,0,0,0,0,0,0,0,0,0,0,0,0,0
9b0ecbbc09b2eda88ed11a2228a0b687,0,0,0,0,0,0,0,0,0,0,0,0,0,0,0
34814817b7b4336c7e3440773fc968bc,0,0,0,0,0,0,0,0,0,0,0,0,0,0,0
b6a9f73af659f90dbf390313ffcb4016,0,0,0,0,0,0,0,0,0,0,0,0,0,0,0
cbfc6882dc7bbd4cd50e770553527ae6,0,0,0,0,0,0,0,0,0,0,0,0,0,1,0
efeeb50a5b5aba0b195eab91d1687287,0,0,0,0,0,6,4,0,0,0,0,0,0,0,0
7b6e68f05c55cfdaedfd31fef8d651dc,0,0,0,0,0,0,0,0,0,0,0,0,0,0,0
9a36592d3d8d504f0d69a28335c3088e,0,0,0,0,0,0,0,0,0,1914,0,0,0,0,0
4b6f2cd830c4458860bdcedefa6d480c,0,0,0,0,0,0,0,0,0,0,0,0,0,0,0
ac6bcb59787382db3dbf8e6a4d453e9f,0,0,0,0,0,0,0,0,0,0,0,0,0,0,0
9b2b6434db22a4c08e3a3e11a6b974df,0,0,0,0,0,0,0,0,0,0,0,0,0,0,0
c85ffdc4d858f28239e93f2874c7cbab,0,84,34,64,0,0,0,0,0,0,0,72,103,116,80
0fb9dddaba7796aaecfb0e9ebcbac0a3,0,1,0,0,0,68,27,0,0,0,103,0,0,47,88
623f1630a850e126a09622faf86568b2,0,0,0,0,0,0,0,0,0,0,0,0,0,0,0
3ec6b4339f81fbb522b629ec8dc6bf73,0,0,0,0,0,0,0,0,0,0,0,0,0,0,0
78eff9632a7226885929f87ccd21d8a0,0,0,2,6,0,0,2,17,15,0,0,4,0,0,0
422cf5db11b946738c83080365dd728b,86,312,0,0,0,0,0,0,0,0,0,0,0,0,0
07afd9d22a487aef6a683316fb37e4d9,0,0,0,0,0,0,0,0,0,0,0,0,0,974,0
98b716efcf84b5354368d01c8255dcad,0,0,0,0,0,0,0,0,0,0,0,0,0,0,0
79c012e1d10e4802bd8114d59ccdacbd,0,0,0,0,0,0,0,0,0,147,0,0,0,0,0
60bbff5c93b47972d57a8acc616f5c50,146,227,0,124,0,103,0,0,0,0,0,0,0,0,0
74b92dba39878b37e30066d8f5d5eed8,0,0,0,0,0,0,0,0,0,0,0,0,0,0,0
77cf6c007b6a9d12105fdb21ac2c7d72,0,0,0,0,0,54,0,0,0,0,104,0,0,0,85
170f50af5b8b99fe97d2ec79d3de6d95,0,0,0,0,0,0,0,0,0,0,0,0,0,275,0
670934cdd92ca55efc04686268b196f5,0,0,0,0,0,0,0,0,0,0,0,0,0,10,0
5f4e7da62e95d8818efbd72fb7d4621f,0,0,0,0,0,0,0,0,0,0,0,0,0,0,0
dd9271ebdc160fdb8ffd43a38027e466,0,0,0,0,0,0,0,0,0,0,0,377,152,413,151
63c26f04de050fbd22ffde4600bddc92,0,0,0,0,0,0,0,0,0,0,0,0,0,0,0
a88a0cb1a70babdf451b390ce6db37f9,0,0,0,0,0,0,0,0,0,0,0,0,0,0,0
e8c87fce9ac1664dd68761ada73f1427,0,0,0,0,0,0,0,0,0,927,724,0,0,0,0
8dbdcf8f78ead154dc3517f3b654a61a,0,0,0,0,0,0,0,0,0,0,0,0,4,1,0
a11dc8ce02609674da9ed7e09c00ae17,0,0,98,125,125,0,0,0,0,0,0,0,0,0,0
fb8d1eaa9a62cac66c2c71961f9743ee,0,0,0,0,0,0,0,0,0,0,0,0,0,0,0
e56eba63a672538c407b317200c0969c,0,0,0,0,0,0,14,0,0,0,0,0,12,0,0
6ba6e5fc9274d6d5e351003fc175269e,0,0,0,0,0,0,0,0,0,0,0,0,0,0,0
3dc56f5eab1b42ee63120562eb473bbc,0,0,0,0,0,0,0,0,0,0,0,0,678,345,45
079986607173d3255e64a2e1befd1be3,0,0,0,0,0,0,0,0,0,0,0,0,0,0,0
df68b29a26604b01b72739fb1c7e137f,0,0,0,0,0,0,0,0,0,0,0,0,0,0,0
fcc38752464bf1281268790587a46390,0,0,0,0,0,0,0,0,0,0,0,0,0,0,0
7f8aca9172cb58a7878b0ce01047d89a,0,0,0,0,0,0,0,0,0,0,0,59,0,1244,192
7bb90a217ba90e8cd5e95450e7d5713e,0,0,0,0,473,861,173,0,0,0,0,0,0,0,0
a66b2bebef147ff8244c104930d0d7eb,0,0,0,0,0,0,0,0,0,0,0,0,0,0,0
dcfb2cb3f6f3702199a69bfd02edd47f,0,0,0,5,0,0,0,8,10,0,0,0,0,0,0
5e198b9ef628b4e2e71c0ed84e41d4f7,0,0,0,0,0,0,0,0,0,0,0,0,0,0,0
33bcdb4bc5094bc0bca46c185741dae9,0,0,0,0,0,0,0,0,0,182,0,0,0,0,0
6a9115a8b60d7e23b29ba034b09fae5f,0,0,0,0,0,0,0,0,0,0,0,0,0,0,0
24bff6d0f593aa5d33d6ca53e4f638b4,0,0,0,0,0,10,0,0,0,0,0,10,492,0,0
6ce2374a18f5156a50b7ba1776957817,0,0,0,0,8,0,0,0,0,0,0,0,11,0,0
931fc0f92cab9d303349ae92093b1f13,0,0,0,0,0,0,0,0,0,0,0,0,0,0,0
42832aa8e359534941f582a440336206,0,0,0,0,0,0,0,0,0,0,0,0,0,11,0
a0edd026224174fddf656a8bebccb2b8,0,0,0,0,0,0,0,0,0,0,0,0,0,0,0
7ffb8476d5c129450318a1e96bf418c0,0,0,0,0,0,0,0,0,0,4,0,0,103,17,0
2d4248b73f992bc240b29fe896793f87,0,0,0,0,0,0,0,0,0,0,0,0,0,0,0
cea89d7c788fc08a179634c5f76c8e6a,0,0,0,0,0,0,0,0,0,0,0,0,0,0,0
f82027023503a0e894b83338d09c17cb,0,0,0,0,0,24,0,0,0,41,0,0,0,0,0
5d5daef09f6ae988d7c81651c4ea87b5,96,272,233,179,0,0,0,0,0,0,0,0,0,0,0
25c9975cb5bc423aea07f6dcbf9f2076,0,0,0,0,0,92,31,0,0,0,0,0,85,0,0
c31c5897d8f69302345bafc1c6b3cf4b,0,0,0,0,0,0,0,0,0,0,0,0,0,0,0
96a320da806731d1e7134f45a79c347b,0,0,0,0,0,0,0,0,0,0,0,0,0,0,0
bef90047ef04a9c85a6c46341b2f2e38,0,0,0,0,0,0,0,0,0,99,0,0,0,0,0
6ed176c434fb8b249b941988ef3811e5,0,0,0,0,0,0,0,0,0,0,0,0,0,0,0
b0469d59e0424a284074119b42b56dc9,0,0,0,0,0,0,0,0,0,0,0,0,0,0,0
acd495ec7e7cbf281f14c0333c59899f,0,0,0,0,0,0,0,0,0,0,0,0,0,0,0
d76bf44dfad45703fb536f36f5934e24,0,0,0,0,0,0,0,0,0,0,0,0,0,0,0
0084b62020b0c3d604b9dc0453b179d9,0,0,0,0,0,0,0,0,0,0,0,0,0,0,0
12356ec9020095b46f706f3e36079aab,0,0,0,0,0,0,0,0,0,0,0,0,0,66,0
4bac6301762bebda96c707477581a149,0,0,0,0,0,0,0,0,0,0,0,10,0,22,0
b0295bad5b860be8e6c61733ee6a5001,0,0,0,0,0,0,0,0,0,0,0,0,0,0,0
97776621c610ad2eb66c5308b38c2afa,0,0,0,0,0,0,0,0,0,0,0,0,0,0,0
4689592d66688ef0bfa30151f1a2c47e,0,0,0,0,0,0,0,0,0,0,0,0,0,0,0
a8b30c999ce65a7eefcdfa469bfa3814,0,0,0,0,0,446,541,0,0,0,0,0,0,0,0
1d96ba35eba1bbba966256e491d52dc1,0,0,0,0,0,0,0,0,0,0,0,0,0,11,0
2b89511b0c32158bc14426667a48aa8f,3,5,17,11,1,16,59,0,0,0,2,0,1,0,0
5bb93a7381a5fbb5d6a66060b410305b,0,0,0,0,0,0,0,0,0,0,0,0,0,0,0
01bccff7927f7f7d198d71ed6c1e04a0,0,0,0,0,0,0,0,0,0,0,0,9,44,227,0
fae053775364fed9f15bfbb29d0a9f51,0,0,0,0,0,0,0,0,0,0,0,0,0,12,0
30ccae11a7b49df11a6b311fe3542027,0,0,0,0,0,0,0,0,0,0,0,0,0,0,0
fdab1affca9cc9b88e3e7c98a887dde7,0,0,0,0,0,0,0,0,0,0,0,0,0,0,0
f3ef4783aeb04b78debd1a34910d4b90,0,0,0,0,0,0,0,0,0,0,0,0,0,0,0
d484a7786943dedb97d91d32403a4b72,0,0,0,0,0,0,0,0,0,0,0,0,0,0,0
9924c8849477f0acffb792c0717b4347,0,0,0,0,0,0,0,0,0,6,0,0,69,65,32
d77258697ad0ba7011872e8cf42c878f,0,0,0,0,0,0,0,0,0,0,0,0,0,0,0
7e6b6107e2dc9817e27b98f7dd9b48d5,0,0,0,0,0,0,0,0,0,0,0,0,0,0,0
874efbd266f99afb9d9794d249845d22,0,0,0,0,0,0,0,0,0,0,0,0,0,0,0
d24ceca01ca62101efd0b4dbd4f3af81,0,0,0,0,0,0,0,0,0,0,0,0,0,0,0
5a3d3bfba8caa2901fa5c8aa6625ad9b,0,0,0,0,0,0,0,0,0,0,0,0,0,0,0
407bba0c29b6513b81b8ea6601567d8b,0,61,79,124,36,0,0,0,0,0,0,0,0,0,0
c4328b4a0d0299f27e748a124fd2317f,0,0,0,0,0,0,0,0,0,0,0,0,0,0,0
b65170fbd20b8d9fdad3b4af7874e252,0,0,0,0,0,0,0,0,0,0,0,0,8,0,0
dc7f08387585050e2aac1d19695107fc,0,0,0,0,0,0,0,0,0,0,0,0,0,0,0
55645ed9b4bfc3c4f62fe6924935d38c,0,0,0,0,0,0,0,0,0,0,0,0,0,0,0
074d8f2e7eadb242242e36f41e133409,0,0,0,0,0,0,0,0,0,0,0,0,0,189,20
7772ec052ecae8efbad9b54b24ee171b,0,0,0,0,0,0,0,0,0,0,0,0,0,0,0
a1dbc36148778c0afc0a03627e84678e,0,0,0,0,0,0,0,0,0,0,0,0,44,174,0
5e911e3f189cb52b9cdc64a7c28c3123,0,0,0,0,0,0,0,0,0,17,0,0,0,6,0
a721ecb9c95c03e4d6e47ea89798b5f9,0,0,3,4,0,0,0,12,6,0,0,4,0,0,0
fb9be67b4222c46b9d0fb467a09adfd4,0,0,0,0,0,0,0,0,0,0,0,0,0,0,0
59e4ef3ed363a060fd8b446de2eddd9b,0,0,0,0,0,0,0,0,0,0,0,0,0,0,0
897c69276fb3c8459da90167144541bf,0,0,0,0,128,76,94,0,0,0,0,0,0,0,0
f644305acc646bf3ee089907835eb062,0,0,0,0,134,70,121,0,0,0,0,0,0,0,0
8659dee306a71466e645fa60936182d0,0,0,0,0,0,0,0,0,0,0,0,0,0,0,0
dd4aa6a134bab9d1eaf35d4fd41c9625,0,0,0,0,0,0,0,0,0,0,0,6,0,0,0
d286f6a974968cb92fd4164d48037690,0,0,0,0,0,0,0,0,0,0,0,0,0,0,0
5e62b0d144371046912cbcdbe39b22be,0,0,0,0,12,0,0,0,0,0,0,0,0,0,0
c2c8be20ae2a89cc91291f3368af2a26,0,0,0,18,0,0,0,0,0,0,0,10,0,9,6
2ca5157b40fc5746ae9c662f4788d96f,0,0,0,0,0,0,0,0,0,0,0,0,0,0,0
6db9a7492b346d05fb6595a177f4a8ff,0,6,8,0,1,9,0,0,0,5,0,22,7,66,56
aaace64326f5c0800e82686760f043c2,0,0,0,0,0,0,0,0,0,0,0,0,0,0,0
ba5423e5ad5a4e2e344e99257af3854a,0,0,0,0,0,0,0,0,0,0,0,0,0,0,0
6679ad6b3641fb9b1b1bbbf3a3b8ab1a,0,0,0,0,0,0,0,0,0,0,0,0,0,0,0
225d0b562ac041750dbe0bbe4174d90a,0,0,0,0,0,0,0,0,0,0,0,0,0,68,0
4fff7e8b60d421c0d61c25fc2a1586e2,0,0,0,0,8,0,0,0,0,0,0,0,0,0,0
4d82c3aa27373c53a39c4cd91f1fe091,0,0,0,0,0,0,75,0,0,0,0,0,10,0,26
2ebc1dcf9f94012958514b44fef9073d,0,0,0,0,0,0,0,0,0,0,0,0,0,0,0
e2acbe4c54a246f9f96b8b96237edfb4,163,97,216,114,0,0,0,0,0,0,0,0,0,0,0
8e5434410ca120f37c2e5cb8c589f8ac,0,0,0,0,0,0,0,0,0,0,0,0,0,0,0
e7f649049574d6e23ba7cd4a3f278e3a,0,0,0,0,0,0,0,0,0,0,0,0,0,0,0
34508bcddb1a5133e157fcf6ad75fa88,0,0,0,0,0,0,0,0,0,0,0,0,0,47,0
3fea176197c0e8bbfd80a143dc2c2d06,0,0,0,129,0,0,0,0,0,0,0,0,0,0,0
da2e3695b131729a3a93f3dbf9db1b69,0,0,0,0,0,0,0,0,0,0,0,0,0,0,0
d7de8607896642708de921854abdd46a,0,0,0,0,33,0,0,0,0,0,0,0,10,0,0
0610a6ff7e9e4f79d5f06a13250267d6,9,18,34,103,0,6,7,0,0,4,7,0,9,0,0
99ce93143c21dc9440ddce407246b737,0,0,0,0,3,0,0,0,0,0,0,0,0,0,0
307e321ec53c19b1adbbcd93b7215da0,0,0,0,0,0,0,0,0,0,0,0,0,5,516,0
e67ae6e96932974312c4fcd94f0fc80f,0,0,0,0,0,0,0,0,0,0,0,0,0,0,0
67a27160d594a6b2b3183d4cc5d6a8fc,0,0,0,0,0,0,0,0,0,0,0,0,0,0,0
8c214ae2b203836550eae2d7576631d7,0,0,0,0,0,0,0,0,0,0,0,0,0,0,0
d1d50c682abfed706e2706cc9076ceb3,0,0,0,0,1,0,0,0,0,0,0,14,4,26,32
2c511da45cba013c7782b2a119213513,0,0,0,0,0,0,0,0,0,0,0,0,0,0,0
8caca97c64db6ccdaf49319afbccc89f,0,0,0,0,0,0,0,0,0,0,0,0,0,0,0
892335276c8d6ccd87757fcd22688260,0,0,0,0,0,0,0,0,0,0,0,0,0,0,0
2383c5f07a6d08fa13d640e1c5f7dcd4,0,0,0,0,0,0,0,0,0,265,126,0,0,0,0
16be8b3c777142e1a46295f96f8b6f5c,0,0,0,0,0,0,0,0,0,0,0,0,0,0,0
6809017d7a7ca4f27ddc742b18dffa0a,0,0,0,0,0,0,0,0,0,0,0,47,79,0,0
66a754f5a64bb1be7051be67a405ef7f,0,0,0,0,0,0,0,0,0,0,0,0,0,0,0
7651ee4777e570bd5b4254a8f748d28a,0,0,0,0,0,0,0,0,0,0,0,0,0,0,0
bd252ade18f44c37b56fce4cd7e665b6,0,0,7,0,0,0,27,0,0,0,0,0,0,0,0
4793b6e4a6285f71215af9bd7daa3785,0,0,0,0,0,0,0,0,0,0,0,0,0,0,0
407bb36d5f5793ab7d0cc26549f0e22a,0,0,0,0,0,0,0,0,0,0,0,0,284,154,0
4e52e0c0f54f29439816b6cd05eb5197,0,0,0,0,0,0,0,0,0,0,0,0,0,0,0
54f010aee0011bd6130d83af476640ac,0,0,0,0,0,0,0,0,0,0,0,0,0,0,0
a275aec90fd26e3d887923fd759cfc0b,0,0,0,0,0,0,0,0,0,0,0,0,0,3,0
5469c8904492f9e66b182b53b9b3d4f6,0,0,84,57,0,0,191,0,0,0,0,0,0,0,0
be6cdd477a36924e79452ea9524566a8,0,0,0,0,0,0,0,0,0,0,0,0,0,0,0
7e2a767b86b0b16654f2b2c3753ca730,0,0,0,0,0,0,0,0,0,0,0,0,0,0,0
3592f09df86cfeabd05e657e16dd82a1,0,0,0,0,0,0,0,0,0,0,0,0,0,0,0
a3be8b9fd8cb955f5aeacdb6d42e3d69,0,0,0,0,0,0,0,0,0,0,0,0,0,0,0
fe03fb4707910ad5675ca614c9f63d78,0,0,0,0,0,0,0,0,0,0,0,0,0,0,0
1f6d3f5e7ef8cde02bf2fbcac57e89de,0,0,0,0,0,0,0,0,0,0,0,0,0,128,0
c065dc0b351b9c0a2166fe9e906eca30,0,0,0,0,0,0,0,0,0,0,0,0,0,26,0
c842ad31802b3798479b375df3c41944,0,0,0,0,0,0,0,0,0,0,0,0,7,337,0
248e9d47d2814506dea94d32cead1f1a,0,0,0,0,0,0,0,0,0,0,0,0,0,0,0
f2ba87dfc723f1772df965dde735ba57,0,0,0,0,0,0,0,0,0,0,0,0,0,31,0
c9c60c8187ecf6761d38ff75d8e04018,0,0,0,0,0,0,0,0,0,0,0,0,0,0,0
2857f68a596084493308feb74b4567fa,0,0,0,0,0,0,0,0,0,57,0,0,0,0,0
b3f8cd17bc540bc0f840e0f1abbb0dfc,0,0,0,0,0,0,0,0,0,0,0,0,0,0,0
6ba77dbf21eef6dce7d275b5b1ed1d79,0,0,0,0,0,0,0,0,0,0,0,0,0,0,0
989b4acb2e7b3f3bf6736a2d31db205b,0,0,0,0,0,0,0,0,0,0,0,0,0,0,0
a75b315f7a1617d50edd15511bbac48d,0,0,0,0,0,0,0,0,0,0,0,0,0,0,0
8af2149d8beb97d5255b40e8f53b6d5b,0,0,0,0,0,0,0,0,0,0,0,0,0,0,0
153e69835e37c28d0d73d2c4eef306c0,0,0,0,0,0,0,0,0,0,0,0,0,0,8,0
48a66b34619329481e50ec2b81cbf946,0,0,0,0,0,0,0,0,0,0,0,0,0,0,0
242cc73a1b01ae4e88f90c2b5689f8ad,0,0,0,0,0,0,0,0,0,0,0,0,0,0,0
61bf8c58899ab80de9a694c56013cdbb,0,0,0,0,0,0,0,0,0,0,0,0,0,0,0
e5ced59d01a50fc9c9842abfde234f5a,0,0,0,0,0,0,0,0,0,0,0,0,0,0,0
accbc4e5af8dbf5654ef7d333d1bd94e,0,0,0,0,0,0,0,0,0,0,0,0,0,0,0
9b7d8ce108cc26959bce56c19fd8a738,0,0,0,0,0,0,0,0,0,0,0,0,0,0,0
bf44fa6c5118e940f390b8820eb85cc6,0,0,0,0,0,0,0,0,0,0,0,0,108,0,0
c76adba1f041b66e871f8079eee8565a,0,0,0,0,0,0,0,0,0,0,0,0,122,113,0
ed8e074c898175c233d595412cd85fe0,0,0,0,0,0,0,0,0,0,0,0,0,0,0,0
0ffcb439b5de809c02e6ae6e6ab013c2,0,0,0,0,0,0,0,0,0,0,0,0,0,0,0
59c795d15ff34298a00f60b085c308b0,0,0,0,0,0,0,0,0,0,0,0,0,0,0,0
55e4ef99261e045ea69b9bf2580e5030,0,0,0,0,0,0,0,0,0,0,0,0,0,0,0
98e61835b5a862065cd8185f0924a691,0,0,0,0,0,0,0,0,5,0,0,0,0,0,0
9f74084b459b8deac3b74be331443822,0,0,0,0,0,0,0,0,0,0,0,0,0,0,0
0b8a76d4572aaf36d2d3f40bcef54451,0,0,0,0,0,0,0,0,0,0,0,0,0,0,0
47f5997ba6f285a0c627e87e272f4f34,0,0,0,0,0,0,0,0,0,0,0,0,0,0,0
2245838712a2ee090ff21bbb429de173,0,0,0,0,0,0,0,0,0,0,0,0,0,0,0
864405caa89355781698242bc3d1d651,0,0,0,0,0,0,0,0,0,0,0,0,0,0,0
2edc2e2d1403f3717075565985dcdbe1,0,0,0,0,0,0,0,0,0,0,0,0,0,0,0
0de5ce0632257a36cd7cb28561a36c7d,0,0,0,0,0,0,0,0,0,0,0,0,0,0,0
b53eb46bc8a38184d4344e4312f06bc8,0,0,0,0,0,0,0,0,0,0,0,0,0,0,0
da52ed745d38da3abbac7e0322b6edd4,0,0,0,0,0,0,0,0,0,0,0,0,0,0,0
48969a190a71ef7bc4d55b1fcb211b94,0,0,0,0,0,0,0,0,0,0,0,0,0,0,0
1e54af6f3a0969eebc958d0df4945784,0,0,0,0,0,0,0,0,0,10,0,0,0,0,0
ed901670522c7d7d5e5064623a6601ca,0,0,0,0,0,0,0,0,0,0,0,0,0,0,0
a4c66facda68346ad9f74bfb3b14a695,0,0,0,0,0,0,0,0,0,0,0,0,0,0,0
560db6644b5d66495e9032d1ef513cf6,0,0,0,0,0,0,0,0,0,0,0,0,0,0,0
4fc561aa4400eeafc7ada64a98b1b867,0,0,0,0,0,0,0,0,0,0,0,0,0,0,0
0b3c097f630efa4cebaf2fec1468bf36,0,58,0,58,0,0,0,0,0,0,0,0,0,0,0
1a65e15ba0f434048e928090706aae5f,0,0,0,0,0,0,0,0,0,0,0,0,0,0,0
ed5c073c32b09d2554c6996bbe560468,0,0,0,0,0,0,0,0,0,0,0,0,0,0,0
f2a260c4cf2858746ace7d7f86133cd2,0,0,0,0,0,0,0,36,18,0,0,0,0,0,0
2e973ac9ccae41ea7b808d170d3383b0,0,0,0,0,0,0,0,0,0,0,0,0,0,0,0
8eeb9c87cc58e08e214f5fe3b1c5f2a4,0,0,0,0,0,0,0,0,0,0,1,0,0,0,0
aa195696fe2ef6f0718869821c8e05b0,0,0,0,0,0,0,0,0,0,0,0,0,44,90,0
3ac6d7d1e34c9c8b390823e7aea77484,0,0,0,0,0,0,0,0,0,0,0,0,0,0,0
57b95a3db38239857b4be70f62cd027e,0,0,0,0,0,0,0,0,0,0,0,0,0,0,0
909f5aab81114ce6a06baa2eb7e5844e,0,0,0,0,0,0,0,0,0,0,0,0,0,0,0
9b3103e3a7bc1b25cafc2b88155c5fd9,0,0,0,0,0,0,0,0,0,0,0,0,0,0,0
c79f57515919e57dc919404b19986c0b,0,0,0,0,0,0,0,0,0,0,0,0,0,0,0
69a84367acc6ffdedd0d2b54ff585ff2,0,0,0,0,0,0,0,0,0,0,0,0,0,0,0
82e16090ad838a9a156901354f283cce,0,0,0,0,0,0,0,0,0,0,0,0,0,0,0
70a399be3abdd5f396c2fd04acf6021d,0,0,0,0,0,0,0,0,0,0,0,0,129,0,0
de68d24aeff72d95628e73a6f6a5a78b,0,0,0,0,0,0,0,0,0,0,0,0,0,0,0
b76f181c07b00883e63952c1b8c4fb52,0,0,0,0,0,0,0,0,0,0,0,0,0,0,0
a73a0d2d2c1dcc9aa5fcb24f5b70a2a5,0,0,0,0,0,0,0,0,0,0,0,0,0,0,0
e9ed184dfa91b893632134b4b19f77a2,0,0,0,0,0,0,0,0,0,0,0,0,0,0,0
792c08d241c127429c2982f26a6856dc,0,0,0,0,0,0,0,0,0,0,0,0,0,0,0
bdf6001698c06085cdee1f8c0d5236f6,0,0,0,0,0,0,0,0,0,0,0,0,0,0,0
85efd670932cdb231adf57e30e919375,0,0,0,0,0,0,0,0,0,0,0,0,0,0,0
84bd9db3de575a061fe3cda575457339,0,0,0,0,0,0,0,0,0,0,0,0,0,0,0
87131a39594acf030a9cdacfc01b2c86,0,0,0,0,0,0,0,0,0,0,0,0,0,0,0
74568c80b9262c48ef46a3b223a0f566,0,0,0,0,0,0,0,0,0,0,0,0,0,0,0
373e2c66fde5199e6e6bedf5cc15b18d,0,0,0,0,0,0,0,0,0,0,0,0,0,0,0
7b256d196d624912d4b48654c1c3d283,0,0,0,0,0,0,0,0,0,0,0,0,0,0,0
4922995e651f89d8c96870ec946f3816,0,0,0,0,0,0,0,0,0,0,0,0,0,0,0
ce8a3713d4be1ea9813c385b90e1e7c5,0,0,0,0,0,0,0,0,0,0,0,0,0,67,0
79b75c6585141c5e8b3e444fb695e717,0,0,0,0,0,0,0,0,0,0,0,0,0,0,0
8557a2b9a2ace90b4d8d78eb692ee6e5,0,0,0,0,0,0,0,0,0,0,0,0,0,0,0
74c966ff1c158cd68df60263c30389fa,0,0,0,0,0,0,0,0,0,0,0,0,0,0,0
0b85423604d99fbed0e75ff36a10fb6c,0,0,0,0,0,0,0,0,0,0,0,0,0,0,0
411ab3ecddcd25895a4de486f67fe7c2,0,0,0,0,0,0,0,0,0,0,0,0,0,0,0
3c79198ca45d2c9a5e12bcbb21674b77,0,0,0,0,0,0,0,0,0,0,0,0,0,0,0
7c367cfb575f8a8f99f2ce0a70455ae8,0,0,0,0,0,0,0,0,0,0,0,0,166,0,0
1cc08229629e24124031a5918b75cf6d,0,0,0,0,0,0,0,0,0,0,0,0,0,0,0
31ec853346162b3587d0a5e0e668f4f9,0,0,0,0,0,0,0,0,0,0,0,0,0,0,0
67f40441e274138c60d402298226c901,0,0,0,0,0,0,0,0,0,0,0,0,0,0,0
5200996f78df9d98f6d9fe88d251dbc7,0,0,0,0,0,0,0,0,0,0,0,0,0,0,0
9ffbd4cbf02940869fe379496ac0952c,0,0,0,0,0,0,0,0,0,0,0,0,0,0,0
647129500d9c36a35a40d3ccf889654f,0,0,0,0,0,0,0,0,0,0,0,0,0,0,0
97f2a68c58d2e47f27b868edbc18cb2b,0,0,0,0,0,0,0,0,0,0,0,0,0,0,0
bb4e3340379ed124b09221c6a8f80a9f,0,0,0,0,0,0,0,0,0,0,0,0,0,0,0
093ac969415d64655bd8414feac4b651,0,0,0,0,0,0,0,0,0,0,0,0,0,0,0
5097632f9089cea753df12b393bd932c,0,0,0,0,0,0,0,0,0,0,0,0,0,0,0
d70800985ce63448780aed8bad3caaf1,0,0,0,0,0,0,0,0,0,0,0,0,0,0,0
8f33edf2e36df6672da2b17a9e1254cd,0,0,0,0,0,0,0,0,0,0,0,0,0,0,0
50a116ba908057ce0a67cc22aff59e4b,0,0,0,0,0,0,0,0,0,0,0,0,0,0,0
7ae326999f5ec4e94a6624809971fb6f,0,0,0,0,0,0,0,0,0,0,0,0,0,0,0
d7127e6d4c0ff03fe4ed2994ed78eaf2,0,0,0,0,0,0,0,0,0,50,0,0,0,0,0
5b9f0dec78911db91137b3d9ceea9425,0,0,0,0,0,0,0,0,0,0,0,0,0,0,0
9303b1bde1dfaeb473c7fac50a6c865e,0,0,0,0,0,0,0,0,0,0,0,0,0,0,0
b0ce8a0de64dc26b39daa10fbb6523f5,0,0,0,0,0,0,0,0,0,0,0,0,0,0,0
8454a879ad288d2b9e2ec87f26f37133,0,0,0,0,0,0,0,0,0,0,0,0,0,0,0
056c38656433194678e971fdd10b347c,0,0,0,0,0,0,0,0,0,0,0,0,0,0,0
6918732fcdcfccec421a0331bbbb2469,0,0,0,0,0,0,0,0,0,0,0,0,0,0,0
290c79523c38af9645fb4aab5d64e11f,0,0,0,0,0,0,0,0,0,0,0,0,0,0,0
549101256fc1bffce39c92a6b8b2b20a,0,0,0,0,0,0,0,0,0,0,0,0,0,0,0
7e749b04a6b51032121038b537ffbd8c,0,0,0,0,0,0,0,0,0,0,0,0,0,0,0
8f323095a15ce63aae797bfe4eef714b,0,0,0,0,0,0,0,0,0,0,0,0,0,0,0
a1ef0c7a6726300bcfa4677d949b5137,0,0,0,0,0,0,0,0,0,0,0,0,0,0,0
f63e7c4a01a8221a2c9b9e6763f9dc46,0,0,0,0,0,0,0,0,0,0,0,0,0,0,0
17387acf266249ba90fca6f6f5c774d4,0,0,0,0,0,0,0,0,0,0,0,0,0,0,0
0e5c901bb215ae43d8adfbc73b042ca7,0,0,0,0,0,0,0,0,0,0,0,0,0,0,0
1740134a36707486e2d3fd896585b0aa,0,0,0,0,0,0,0,0,0,0,0,0,0,0,0
e22de774e56172bc8bd029842a4055b4,0,0,0,0,0,0,0,0,0,0,0,0,0,0,0
fa2a965907037736448c24c8991f5340,0,0,0,0,0,0,0,0,0,0,0,10,0,5,8
cd61fb8111220d5203da9ad4dac12110,0,0,0,0,0,0,0,0,0,0,0,0,0,0,0
8e02df185bc1a6156629460848ec26ce,0,0,0,0,0,0,0,0,0,0,0,0,0,0,0
e3dfb6773bf3ea4f988a47103a327b78,0,0,0,0,0,0,0,0,0,0,0,0,0,0,0
0dbd4625c874b220147b88752f028b62,0,0,0,0,0,0,0,69,41,0,0,0,0,0,0
3c2da7a043f6811d25f7270f97e16cc9,0,0,0,0,0,0,0,0,0,0,0,0,0,0,0
8c70a4750944712adaf2025421448b6c,0,0,0,0,0,0,0,0,0,0,0,0,0,0,0
2a19ad2d09f39ea237ccf17daaef85f9,0,0,0,0,10,0,0,0,0,0,0,0,0,0,0
745833429d6a3fb037b55da048fddfaf,0,0,0,0,0,0,0,0,0,0,0,0,0,0,0
98f7138317e940b01190166d7b94758f,0,0,0,0,0,0,0,0,0,0,0,0,0,0,0
72e395acd946b7440385f57504b55fda,0,0,0,0,0,0,0,0,0,0,0,0,0,0,0
ef549e35744b0b9dbfdd2023357f983f,0,0,0,0,0,0,0,0,0,0,0,0,0,0,0
91ec7e4dcd84e600c16e5d7689ab5af3,0,0,0,0,0,0,0,0,0,0,0,0,0,0,0
6ffff8fb38d71501216e6d508f908c53,0,0,0,0,0,0,0,0,0,0,0,0,0,0,0
bffc21b169fa9b43ba628f2e0cd6dc91,0,0,0,0,0,0,0,0,0,0,0,0,0,0,0
7107695e3d8c529c02b19710cc1008d3,0,0,0,0,0,0,0,0,0,0,0,0,0,0,0
9b399c9727b99d8a2b99ad0aa40aaff7,0,0,0,0,0,0,0,0,0,0,0,0,0,0,0
33f965bcf86868e5913e3e6798d1e5f0,0,0,0,0,0,0,0,0,0,0,0,0,0,0,0
1c186f13714316bebad25cc1b4ab6283,0,0,0,0,0,0,0,0,0,0,0,0,0,0,0
913d02b2340775c37c219ae354f6fd1f,0,0,0,0,0,0,0,0,0,0,0,0,0,0,0
babadecd0d29c25f04394565a1cef9ae,0,0,0,0,0,0,0,0,0,0,0,0,0,0,0
a4995bfa40bedb6cd1ce33872816b938,0,0,0,0,0,0,0,0,0,0,0,0,0,0,0
c6ad15240bb3d4c234b96f880a355c9d,0,0,0,0,0,0,0,0,0,0,0,0,0,0,0
43f478b881d80a0cb3b824a262393c47,0,0,0,0,0,0,0,0,0,0,0,0,0,0,0
33d9ef23281a2642f78c61deaf093ef7,0,0,0,0,0,0,0,0,0,0,0,0,0,0,0
fa9e70082a199be78bc877a8879b0734,0,0,0,0,0,0,0,0,0,0,0,0,0,0,0
170a90c2304f4a853604477d485b8319,0,0,0,0,0,0,0,0,0,0,0,0,0,0,0
2584d66b186e4896f9555b7bd3123bbb,0,0,0,0,0,0,0,0,0,0,0,0,36,0,0
cbf9a00eb2221644c40421f9a945510c,0,0,0,0,0,0,0,0,0,0,0,0,0,0,0
50f5403694e8a42ec5f93632b8aebccf,0,0,0,0,0,0,0,0,0,0,0,0,0,0,0
b15911c3442f1d4540a9845cd1f16b46,0,0,0,0,0,0,0,50,33,0,0,0,0,0,0
c32f0fbf6b907d3f60a8b9547c256453,0,0,0,0,0,0,0,0,0,0,0,0,0,0,0
59da35adef19e3fa18430c660f2dc396,0,0,0,0,0,0,0,0,0,0,0,0,0,0,0
aec53e6df7f57d8701ca718f81a8660d,0,0,0,0,0,0,0,0,0,0,0,0,0,0,0
7d96b550bdba494fd992a4d4933720f6,0,0,0,0,0,0,0,0,0,0,0,0,0,0,0
3598b3837e246662565384071d52f32b,0,0,0,0,0,0,0,0,0,0,0,0,0,0,0
3a1b36bc964ad6a131397b4f937058d8,0,0,0,0,0,0,0,0,0,0,0,0,0,42,0
814cc9b04460bfb83f42d756688c21a7,0,0,0,0,0,0,0,0,0,0,0,0,0,0,0
c9b069955100b4b8db9e90017edea254,0,0,0,0,0,0,0,0,0,0,0,0,0,0,0
0e22ff2781d16d029461bd050f31fa03,0,0,0,0,0,0,0,0,0,0,0,0,0,0,0
0b8395a6bf0f84d1064597d363670c21,0,0,0,0,0,0,0,0,0,0,0,0,0,0,0
1dca586bda059dc1d1510eb92d04a9cb,0,0,0,0,0,0,0,0,0,0,0,0,0,0,0
5457e385b53c11e84a68672dda0da676,0,0,0,0,0,0,0,0,0,0,0,0,0,0,0
8fc4fd336debddc73c9c6ef8eb599a93,0,0,0,0,0,0,0,0,0,0,0,0,0,0,0
afe384010ca0a0c115edbadcc0728610,0,0,0,0,0,0,0,0,0,0,0,0,0,0,0
6a88ea039d0aa3e0c1195b84dc1c84c1,0,0,0,0,0,0,0,0,0,0,0,0,0,0,0
181d1f7754f29c061073b17bd8d2e4c8,0,0,0,0,0,0,0,0,0,0,0,0,0,0,0
21a2646f462fcc7f13c26aa1ff8bcd7d,0,0,0,0,0,0,0,0,0,0,0,0,0,0,0
aca781d98807794d5b894f1c7ae86c78,0,0,0,0,0,0,0,0,0,0,0,0,0,0,0
d95c2fbf28c8502f7ab795971dac62a9,0,0,0,0,0,0,0,0,0,0,0,0,0,0,0
b4845aa4f4618ca9dd62ccb1957f2694,0,0,0,0,0,0,0,0,0,0,0,0,0,0,0
fe5f5e27e196573e3e34f50478483ca1,0,0,0,0,0,0,0,0,0,0,0,0,0,0,0
2d9aefe892e73304410a32c8b5e166bd,0,0,0,0,0,0,0,0,0,0,0,0,0,0,0
214118c427a181fe7137bb68c825d45e,0,17,0,0,0,0,0,0,0,0,0,0,0,0,13
e1ee4c90b74fa073e34ba280acb076fa,0,0,0,0,0,0,0,0,0,0,0,0,0,0,0
939b7d57c2f0113e9bcf4193d39bb5d9,0,0,0,0,2,0,0,0,0,0,0,0,0,0,0
ce03368df80d7ec5703b891ce1577708,0,0,0,0,0,0,0,0,0,0,0,0,0,0,0
19427bfe22a453833dc100657987984c,0,0,0,0,0,0,0,0,0,0,0,0,0,0,0
1a6a1f4c58572a9de65d6ce565d9f20c,0,0,0,0,0,0,0,0,0,0,0,0,0,0,0
30f4834cc5d72aec8e05a91babc4b1ea,0,0,0,0,0,0,0,0,0,0,0,0,0,0,0
82338099e423fedd6b7da54dc3c4b92e,0,0,0,0,0,0,0,57,0,0,0,0,0,0,0
02e5cbcbf72eebd190cf4339bd62b1c8,0,0,0,0,0,0,0,0,0,0,0,0,0,0,0
6712bec7f5b94be4cfef2d0133b8829e,0,0,0,0,0,0,0,0,0,55,0,0,0,0,0
170b2eeb2fe050983ca7ac2da9c1b685,0,0,0,0,0,0,0,0,0,0,0,0,0,0,0
8bcbf41ef34044858ed6f21b62a65b79,0,0,0,0,0,0,0,0,0,0,0,0,0,0,0
bdf0d22eb8641962377f7693fe84cfdf,0,0,0,0,0,0,0,0,0,0,0,0,0,0,0
fa2d7f76ad8a2157a9b7f980ee92abf0,0,0,0,0,0,0,0,0,0,0,0,0,0,0,0
cbc8b889fc90bf6b7020543e6d07d65b,0,0,0,0,0,0,0,0,0,0,0,0,0,0,0
3ebf34713adbab8c1534c8715ccfd78f,0,0,0,0,0,0,0,0,0,0,0,0,0,0,0
999096c95802c837c3a7b06ede4729ce,0,0,0,0,0,0,0,0,0,0,0,0,0,0,0
589e2a0e7a4ab90939a4bce1aedeb037,0,0,0,0,0,0,0,0,0,0,0,0,0,0,0
392a84554d443c946eb2302e2b647ad2,0,0,0,0,0,0,0,0,0,0,0,0,0,0,0
4a396cd648050c239e37588643ff6ad7,0,0,0,0,0,0,0,0,0,0,0,0,0,0,0
1412101bca8ce9f9600d64cd4708ac30,0,0,0,0,0,0,0,0,0,0,0,0,0,0,0
954cbab2424ea4c552928a44b314d0e9,0,0,0,0,0,0,0,0,0,0,0,0,0,0,0
d6d48cc9e4ba91c7def28f48b44130cc,0,0,0,0,0,0,0,0,0,0,0,0,0,0,0
21a11cdc1d82d93bec99c8782b44b26c,0,0,0,0,0,0,0,0,0,0,0,0,0,0,0
50c343ea8c8cc056c65621d10a646784,0,0,0,0,0,0,0,0,0,0,0,0,0,0,0
95005d2c51460ccb93f4872f1d4f9492,0,0,0,0,0,0,0,0,0,0,0,0,0,0,0
fcb58e73ed8b173bb152d98cec97d831,0,0,0,0,0,0,0,0,0,0,0,0,0,0,0
f45544ae0a66d940b0e723c0d7fba620,0,0,0,0,0,0,0,0,0,0,0,0,0,0,0
17b56469fe822c0ad618ab063e2e2bfe,0,0,0,0,0,0,0,0,0,0,0,0,0,0,0
365e589a20a10979cf7c51b79a139b74,0,0,0,0,0,0,0,0,0,0,0,0,0,0,0
044c8300ef379b87fd38e6f911db5887,0,0,0,0,0,0,0,0,0,0,0,0,0,0,0
9af9169f6b305f74603f134e0ebce953,0,0,0,0,0,0,0,0,0,0,0,0,0,0,0
de55ae27b3a6837d20ef8347c02445c8,0,0,0,0,0,0,0,0,0,0,0,0,0,0,0
b834d0180c2dc1b2ec076a43b2806ed7,0,0,0,0,0,0,0,0,0,0,0,0,0,0,0
8653c4078ad93f61ccec036540f18ace,0,0,0,0,0,0,0,0,0,0,0,0,0,0,0
3f4a5a7ab491ce1833d99c0102238120,0,0,0,0,0,0,0,0,0,0,0,0,0,0,0
9cd1bc03b0a1dd9c44f34d3d66938a7e,0,0,0,0,0,0,0,0,0,0,0,0,0,0,0
ddaa3cd014fa44274a22b31c84a2b5da,0,0,0,0,0,0,0,0,0,0,0,0,0,0,0
bc4d67839ef761a16dc2ff061c44637c,0,0,2,0,0,0,0,0,0,0,0,0,0,0,0
f486df78810093c18dcdd461cda1ea12,0,0,0,0,0,0,0,0,0,0,0,0,0,0,0
13991831cee1d39671ea66b2a6ad7515,0,0,0,0,0,0,0,0,0,0,0,0,0,0,0
497fc52651d3f1a49a7d944b6f99b880,0,0,0,0,0,0,0,0,0,0,0,0,0,0,0
ea8a73b66d2ab63510218392cbf7881d,0,0,0,0,0,0,0,0,0,0,0,0,0,0,0
fe8f22dbc26b1fea176d1c9837ef6ebe,0,0,0,0,0,0,0,0,0,0,0,0,0,0,0
a17400196452de7d918d919409a4d16a,0,0,0,0,0,0,0,0,0,0,0,0,0,0,0
17957e42f3502ab01b2d0cbc7c9bc738,0,0,0,0,0,0,0,0,0,0,0,0,0,0,0
f6583d94aaee5d2a27475d415834a0bd,0,0,0,0,0,0,0,0,0,0,0,0,0,0,0
84e28d5f4ca9bf82f04b57c7ee0f14b8,0,0,0,0,0,0,0,0,0,0,0,0,0,0,0
ceba9c321b0537773ea78f796e910f1f,0,0,0,0,0,0,0,0,0,0,0,0,0,0,0
846bd03c4f19686bc0725d84b4b1c75f,0,0,0,0,0,0,0,0,0,0,0,0,0,0,0
0adb4f4e52e69aa4743ced75b77b8f89,0,0,0,0,0,0,0,0,0,0,0,0,0,0,0
3f250b077c472f77091dd264820f6059,0,0,0,0,0,0,0,0,0,0,0,0,0,0,0
f0ba85c2ccdf24117b0f297784f867b8,0,0,0,0,0,0,0,0,0,0,0,0,0,0,0
fcaff456b4ff970ad1ac9823104c1539,0,0,0,0,0,0,0,0,0,0,0,0,0,0,0
8aa809720f2fa7412b09b3c84336a958,0,0,0,0,0,0,0,0,0,0,0,0,0,0,0
7c2a91ff50d2e77bfb939d786d8834ea,0,0,0,0,0,0,0,0,0,0,0,0,0,0,0
c8bf94c0790d3a22ef98d012c52844d7,0,0,0,0,0,0,0,0,0,0,0,0,0,0,0
6a61bf128efef872f68e565fc41aef71,0,0,0,0,0,0,0,0,0,0,0,0,0,0,0
27d04d7c8c4914d8ebb0759c2c1f8372,0,0,0,0,0,0,0,0,0,0,0,0,0,0,0
1a1e0c9f05f691284d396a2585d14501,0,0,0,0,0,0,0,0,0,0,0,0,0,0,0
f003de150e084ec9c47197a00402e78b,0,0,0,0,0,0,0,0,0,0,0,0,0,0,0
063a421d46d583433dfa2e0c0e3522bb,0,0,0,0,0,0,0,0,0,0,0,0,0,0,0
a53b2031610fbe4c8f3781a2601b0a95,0,0,0,0,0,0,0,0,0,0,0,0,0,0,0
18c0360418288afdc554e75a3596236c,0,0,0,0,0,0,0,0,0,0,0,0,14,0,0
e632817d739e07babff96cd7325b3edb,0,0,0,0,0,0,0,0,0,0,0,0,0,0,0
b1f518af506305095395c87beb5cd525,0,0,0,0,0,0,0,0,3,0,0,0,0,0,0
2dc426ef59d313554e453e65799e3d0c,0,0,0,0,0,0,0,0,0,0,0,0,0,0,0
5449b5e9990ed39cffac20877857f5ff,0,0,0,0,0,0,0,0,0,0,0,0,0,0,0
9eec41d61f4203b5f1e5725d01d64859,0,0,0,0,0,0,0,0,0,0,0,0,0,0,0
a41a6a4f3aadaf4878ab66f5bbe9d5a8,0,0,0,0,0,0,0,0,0,0,0,0,0,0,0
0cbd069d07c9b55539758e996d8da3d9,0,0,0,0,0,0,0,0,0,0,0,0,0,0,0
8cdff1bbc879b32ae1a9e287ef9cc3b7,0,0,0,0,0,0,0,0,0,0,0,0,0,0,0
bac19f8280168e5f7eaaa01b3756c61a,0,0,0,0,0,0,0,0,0,0,0,0,0,0,0
f98c0d2e9201b18868fb58796f9597b1,0,0,0,0,0,0,0,0,0,0,0,0,0,0,0
f0196102bc111938ab46a8b3aad91991,0,0,0,0,0,0,0,0,0,0,0,0,0,0,0
3b462087de416d99b0bc3d9bcd051227,0,0,0,0,0,0,0,0,0,0,0,0,0,0,0
befcf4038c2ff943527bb8c0b71941fd,0,0,0,0,0,0,0,0,0,0,0,0,0,0,0
27442d571af0dce44225359068dc3440,0,0,0,0,0,0,0,0,0,0,0,0,0,0,0
3f8b0d4a0e2a34b7f62b134c24f121a7,0,0,0,0,0,0,0,0,0,0,0,0,0,0,0
9c13413695cef04eb9d97ea7a888f07b,0,0,0,0,0,0,0,0,0,0,0,0,0,0,0
d455181d7aa98d012c6dc6786d74c298,0,0,0,0,0,0,0,0,0,0,0,0,0,0,0
d1c9de3d400655e07212c3300f8d56d0,0,0,0,0,0,0,0,0,0,0,0,0,0,0,0
adb2141bf9a681d47f998493e7a05d7d,0,0,0,0,0,0,0,0,0,0,0,0,0,0,0
9f6032b9adcde41161124e535df5f423,0,0,0,0,0,0,0,0,0,0,0,0,0,0,0
8a770fb7123de7db83c7a963f9225708,0,0,0,0,0,0,0,0,0,0,0,0,0,0,0
6e8a065936e41a22666d54279b0e9943,0,0,0,0,0,0,0,0,0,0,0,0,0,0,0
c22b2d1f0ca13e243d62aef7931dd5ae,0,0,0,0,0,0,0,0,0,0,0,0,0,0,0
be88c0c9751be9373f153c8023456c7a,0,0,0,0,0,0,0,0,0,0,0,0,0,0,0
dd81bb4031bc637925029c7233b089b7,0,0,0,0,0,0,0,0,0,0,0,0,0,0,0
88631b093bfa020ac4f139ae7c1bbf70,0,0,0,0,0,0,0,0,0,0,0,0,0,0,0
9dc1950c33241c7c98aca078caf65979,0,0,0,0,0,0,0,0,0,0,0,0,0,0,0
69387753768ca7de2e287e254f937566,0,0,0,0,0,0,0,0,0,0,0,0,0,0,0
8803af5b806f1496a12ec64bd8b89879,0,0,0,0,3,0,0,0,0,0,0,0,0,0,0
5433bff6b5722ff04dc1fde43606255f,0,0,0,0,0,0,0,0,0,0,0,16,7,0,0
5a62701595ace0dee13c414f2635e83e,0,0,0,0,0,0,0,0,0,0,0,0,0,0,0
383c0c4a4e7aa61ed8035c782023a483,0,0,0,0,0,0,0,0,0,0,0,0,0,0,0
267c8a86ba79f013ceb82bcbeb006767,0,0,0,0,0,0,0,0,0,0,0,0,0,0,0
83108620e2f40aeb7357edfe7d6822c6,0,0,0,0,0,0,0,0,0,0,0,0,0,0,0
1bb1529a014442d2c90b3de080cff793,0,0,0,0,0,0,0,0,0,0,0,0,0,0,0
5dc4eacbbb3e26c226a1d57003558650,0,0,0,0,0,0,0,0,0,0,0,0,0,0,0
8321d543b391d2a99ab424c60fe0c0be,0,0,0,0,0,0,0,0,0,0,0,0,0,0,0
e26b19ba552d64a71d7187d351ae4e01,0,0,0,0,0,0,0,0,0,0,0,0,0,0,0
45f34c5f80225aeffd1382561bfa98fb,0,0,0,0,0,0,0,0,0,0,0,0,0,0,0
65ce0412167c544aadfba93a09c32644,0,0,0,0,0,0,0,0,0,0,0,0,0,0,0
5a7d15fcd5550efc743409b361ff82c6,0,0,0,0,0,0,0,0,0,0,0,0,0,0,0
c7c462e5d54742e3f2387f896451cde2,0,0,0,0,0,0,0,0,0,0,0,0,0,0,0
9e4fb89841842cdf0b552cec563bf44e,0,0,0,0,0,0,0,0,0,0,0,0,0,0,0
3cde6eb62eecc0ca5ba30986633409c2,0,0,0,0,0,0,0,0,0,0,0,0,0,0,0
bfb476d5f450458060589824018c4e5b,0,0,0,0,0,0,0,0,0,19,0,0,0,0,0
4695dd639d90a35c0c10b578c591afb6,0,0,0,0,0,0,0,0,0,0,0,0,0,0,0
5b66cac9940fa15804bafdf0ba1a0137,0,0,0,0,0,0,0,0,0,0,0,0,0,0,0
251808bcde62c1b1ef572caa7fed502c,0,0,0,0,0,0,0,0,0,0,0,0,0,0,0
8da144c0a43a1d4ccd2e01c5f62ca999,0,0,0,0,0,0,0,0,0,0,0,0,0,0,0
7c402e9d0887fc20067740145c8293f3,0,0,0,0,0,0,0,0,0,0,0,0,0,0,0
522a71e2725610cf3d4722b7328ac9fa,0,0,0,0,0,0,0,4,3,0,0,0,0,0,0
7e4a17c788f5ac4f09abf4808da75968,0,0,0,0,0,0,0,0,0,0,0,0,0,7,0
cfdef7991e31de2e4f317a30e68093a0,0,0,0,0,0,0,0,0,0,0,0,0,0,0,0
a6abe73cc62fb58f654b8d4dd9347d10,0,0,0,0,0,0,0,0,0,0,0,0,0,0,0
c01e3a149b06aaf347bc6f9a8203d1b8,0,0,0,0,0,0,0,0,0,0,0,0,0,0,0
019db0850c97a7757b3660e49925685c,0,0,0,0,0,0,0,0,0,0,0,0,0,0,0
e20d919b61672d20a153415e5e2c3a26,0,0,0,0,0,0,0,0,0,0,0,0,0,0,0
80b747548fc2dc1faaee8351848ba11a,0,0,0,0,0,0,0,0,0,0,0,0,0,0,0
aca1f5ad6878b5bb70860aa94b647381,0,0,0,0,0,0,0,0,0,0,0,0,0,0,0
f509d6b2b90b0990a34d829ccf1e51e6,0,0,0,0,0,0,0,0,0,0,0,0,0,0,0
00886d521f485ef7065db69fcec22b0f,0,0,0,0,0,0,0,0,0,0,0,0,0,0,0
70578ba6a4fb994b52280b182f273abc,0,0,0,0,0,0,0,0,0,0,0,0,0,0,0
2fc204ddd71faa49d6042aaa640232b5,0,0,0,0,0,0,0,0,0,0,0,0,0,0,0
2e1929b4eae0356f0b4478a32b6fb897,0,0,0,0,0,0,0,0,0,0,0,0,0,0,0
5334086f65d53ca03d1f51ff6824c653,0,0,0,0,0,0,0,0,0,0,0,0,0,0,0
ce489c20d90dd6b55c3fba85c796deeb,0,0,0,0,0,0,0,0,0,0,0,0,0,16,0
ce93942bbc48dc0696483a8fd705f621,0,0,0,0,0,0,0,0,0,0,0,0,0,0,0
af1d10112c231eb08175f3c0347db665,0,0,0,0,0,0,0,0,0,0,0,0,0,0,0
9a20542782c084a4ef5477d1f2caaa9d,0,0,0,0,0,0,0,0,0,0,0,0,0,0,0
2f8c67c395185f0f1cbc42e6d0eda88f,0,0,0,0,0,0,0,0,0,0,0,0,0,0,0
df2972fcb475b920edbd1605e30e9275,0,0,0,0,0,0,0,0,0,0,0,0,0,0,0
16b1e4eebcab3b04b343822c2a611054,0,0,0,0,0,0,0,0,0,0,0,0,0,0,0
c23aa309de1ad5d074e93af732f3cf4e,0,0,0,0,0,0,0,0,0,0,0,0,0,0,0
9b1412aa638694687f0018ae37f3127b,0,0,0,0,10,5,0,0,0,0,0,0,0,0,0
4128b89465f8e3033d52e2fb2b6fd437,0,0,0,0,0,0,0,0,0,0,0,0,15,0,0
75a7744b7c8fc920df1503ea3575b062,0,0,0,0,0,0,0,0,0,0,0,0,0,15,0
e87248f4c1e32c879d15bdb7093d1c13,0,0,0,0,0,0,0,0,0,0,0,0,0,0,0
bdddb052283c96212c78ad7393a0d9fd,0,0,0,0,0,0,0,0,0,0,0,0,0,0,0
28244a1a07863f0d6dcc5d47b64969e2,0,0,0,0,0,0,0,0,0,0,0,0,0,0,0
50f0e73d4315f450c0b1934c1ce2a2e0,0,0,0,0,0,0,0,0,0,0,0,0,0,0,0
06668e7c3896773025ba99c934add4e3,0,0,0,0,0,0,0,0,0,0,0,0,0,0,0
3c4c8088e4f776b57174017a91bf754e,0,0,0,0,0,0,0,0,0,0,0,0,0,0,0
63fee9a06f47ff4c770e86633dde11e8,0,0,0,0,0,0,0,0,0,0,0,0,0,0,0
9445afb6d27a936d0f71df503ece5088,0,0,0,0,0,0,0,0,0,0,0,0,0,0,0
2927dfb8abf64ea8b4e50ab036dd994c,0,0,0,0,0,0,0,0,0,0,0,0,0,0,0
f8ab999412897f0c9739829bb2079dad,0,0,0,0,0,0,0,0,0,0,0,0,0,0,0
37a60a789f59b22cf51c1623bd3b49fe,0,0,0,0,0,0,0,0,0,0,0,0,0,0,0
ad1626fb99dc8f204e9c3ffd0b79ca6e,0,0,0,0,0,0,0,0,0,0,0,0,0,0,0
df82d52902a1dbb7e725c7c297b5866e,0,0,0,0,0,0,0,0,0,0,0,0,0,0,0
0fabc8c52774eda37f3f80cd597fe01b,0,0,0,0,0,0,0,0,0,0,0,0,0,0,0
67728c7c2c7579cc79a49fd7bd333214,0,0,0,0,0,0,0,0,0,0,0,0,0,0,0
fafc3ab3f686cd3ea009d415962fb281,0,0,0,0,0,0,0,0,0,0,0,0,0,0,0
693373bdd99367bf2a398ffc0a7de554,0,0,0,0,0,0,0,0,0,0,0,0,0,0,0
fd2f46112dd94a06b5f0a5d0e7a8f6b7,0,0,0,0,0,0,0,0,0,0,0,0,0,0,0
b42f1264e805baf6266a6e5663e249b1,0,0,0,0,0,0,0,0,0,0,0,0,0,0,0
7df8e1ee622b02f3810e4521be68c9d6,0,0,0,0,0,0,0,0,0,0,0,0,0,0,0
c77c32ed0a1af673e749f18ff2f3e2c6,0,0,0,0,0,0,0,0,0,0,0,0,0,0,0
995bc7e2e2ccf9903b0845f90a01ecd1,0,0,0,0,0,0,0,0,0,0,0,0,0,0,0
f87956eefffece86ae47addd64a4d7e0,0,0,0,0,0,0,0,0,0,0,0,0,0,0,0
574fe0357476657f0867f8cf0bf14182,0,0,0,0,0,0,0,0,0,0,0,0,0,0,0
fac6f10fb02867ea8a4b7ad855367e11,0,0,0,0,0,0,0,0,0,0,0,0,0,0,0
d203bf518a38286d29b4fa57316a1e74,0,0,0,0,0,0,0,0,0,0,0,0,0,0,0
00f0bc1468466a785fe62d671fa12897,0,0,0,0,0,0,0,0,0,0,4,0,0,0,0
2394c79a07f1ca1ef9c08cd57606e65e,0,0,0,0,0,0,0,0,0,0,0,0,0,0,0
1b0a818a98e02b347c2fdac7ff14c420,0,0,0,0,0,0,0,0,0,0,0,0,0,0,0
3f1041d442ce4f39ada793781cec8160,0,0,0,0,0,0,0,0,0,0,0,0,0,0,0
4b8e8240e8765bda5fe9e3592101a6d2,0,0,0,0,0,0,0,0,0,0,0,0,0,0,0
89373dc39883d689b1399ba94f07d03f,0,0,0,0,0,0,0,0,0,0,0,0,0,0,0
d49205547b075efad41c5946b825f115,0,0,0,0,0,0,0,0,0,0,0,0,0,0,0
69028f08b60b6357306e0205cbbede65,0,0,0,0,0,0,0,0,0,0,0,0,0,11,0
4a1816a61f332f3e79c79adbcfbcedf8,0,0,0,0,0,0,0,0,0,0,0,0,0,0,0
6672e630514e77798c3c427d3eb3e54a,0,0,0,0,0,0,0,0,0,0,0,0,0,0,0
352008024c2494b6ee0ddf996dd6b509,0,0,0,0,0,0,0,0,0,0,0,0,0,0,0
0e5f87fbfa0931503da628430a932f0c,0,0,0,0,0,0,0,0,0,0,0,0,0,0,0
e6902d1db1ef3bfb25fb8202ddd721b5,0,0,0,0,0,0,0,0,0,0,0,0,0,0,0
2a511398b4ea542499e2acc4362f4a5a,0,0,0,0,0,0,0,0,0,0,0,0,0,0,0
0956b3e6cc4df62c1dc8e85fda1628ae,0,0,0,0,0,0,0,0,0,0,0,0,0,0,0
c138426f12831b653d1e8d4508388730,0,0,0,0,0,0,0,0,0,0,0,0,0,0,0
170439e5773532c49e749159932911ad,0,0,0,0,0,0,0,0,0,0,0,0,0,0,0
851c9cda818c1e9dbcb11848d3e32793,0,0,0,0,0,0,0,0,0,0,0,0,0,0,0
cc2fa7a7d9f0cb69a39d7adce3dea8ab,0,0,0,0,0,0,0,0,0,0,0,0,0,0,0
ad9e7728623eadc6a8a6702576310213,0,0,0,0,0,0,0,0,0,0,0,0,0,0,0
ff1e73c7f57688bf956864cb1d170438,0,0,0,0,0,0,0,0,0,0,0,0,0,0,0
cca63a098fd5dc2f3a2594b450fef41d,0,0,0,0,0,0,0,0,0,0,0,0,0,0,0
ee363733216de65e81fd547b2cd2b30f,0,0,0,0,0,0,0,0,0,0,0,0,0,0,0
15c4d6bb8952e4102aa566e63f0a3efc,0,0,0,0,0,0,0,0,0,0,0,0,0,0,0
88da24a9cf567c78a7c4ebd387612c54,0,0,0,0,0,0,0,0,0,0,0,0,0,0,0
c1b1c26d5b5449ef8236156f74062f60,0,0,0,0,0,0,0,0,0,0,0,0,0,0,0
375db10d1087532641c2d79f6fbf5ead,0,0,0,0,0,0,0,0,0,0,0,0,0,0,0
9b0274bc96b64c9634efba00fce8c018,0,0,0,0,0,0,0,0,0,0,0,0,0,0,0
5dc516c5aadcbb0a1b9bd44a8934a572,0,0,0,0,0,0,0,0,0,0,0,0,0,0,0
6abb58e28afa32c6e657330d351a4af4,0,0,0,0,0,0,0,0,0,0,0,0,0,0,0
7632a7822a1b928285bfbf84fd1d7b15,0,0,0,0,0,0,0,0,0,0,0,0,0,0,0
7dc894a1c6403330488362ca022af1e2,0,0,0,0,0,0,0,0,0,0,0,0,0,0,0
0d1610e73accd544a7b9645cea7e69c3,0,0,0,0,0,0,0,0,0,0,0,0,0,0,0
a17f39d0a00f1e53dc2ad67530e2473b,0,0,0,0,0,0,0,0,0,0,0,0,0,0,0
98dc06108ccbb45af78a97446800e34d,0,0,0,0,0,0,0,0,0,0,0,0,0,0,0
88236b4385993a7ac9cad3c2f896e015,0,0,0,0,0,0,0,0,0,0,0,0,0,0,0
1cecaf2cb11abd9407ef7d4ce75f62bc,0,0,0,0,0,0,0,0,0,0,0,0,0,0,0
1435f4676f180a87dd3e6746258838ab,0,0,0,0,0,0,0,0,0,0,0,0,0,0,0
1b33e30fdb0a82612530caa8a9b465c6,0,0,0,0,0,0,0,0,0,0,0,0,0,0,0
78fb2f18e41d9600614ea50ee90c055d,0,0,0,0,0,0,0,0,0,0,0,0,0,0,0
41b01d30e5b2cdb9ebf2347215df6953,0,0,0,0,0,0,0,0,0,0,0,0,0,0,0
909dd8951418940a92a86aa58d645977,0,0,0,0,0,0,0,0,0,0,0,0,0,0,0
b7251739ab5b7c363c23abd756f4798f,0,0,0,0,0,0,0,0,0,0,0,0,0,0,0
34f7e97f12e9a82362a623c73e5d2472,0,0,0,0,0,0,0,2,0,0,0,0,0,0,0
17c9871f53103716b9ad48ed21edc6b3,0,0,0,0,0,0,0,0,0,0,0,0,0,0,0
ecee275e01623843866da24887f120fc,0,0,0,0,0,0,0,0,0,0,0,0,0,0,0
539ebf18449e1f49adcdbaf9409b7c0f,0,0,0,0,0,0,0,0,0,0,0,0,0,0,0
d319c47e3f53ab88ef44d70cbc7760f6,0,0,0,0,0,0,0,0,0,0,0,0,0,0,0
aa24cbd96b1379e52600eb79b7d85a7a,0,0,0,0,0,0,0,0,0,0,0,0,0,0,0
788bc35539f2bd2e10bf65e35b61bbb5,0,0,0,0,0,0,0,0,0,0,0,0,0,0,0
5c477c8c22b36fa60fbfd353fe594768,0,0,0,0,0,0,0,0,0,0,0,0,0,0,0
01389ac893e519d6fd46ced7b7d84ff7,0,0,0,0,0,0,0,0,0,0,0,0,0,0,0
205fdf9d3a9bb4edb7b156d06ddf7786,0,0,0,0,0,0,0,0,0,0,0,0,0,0,0
91156c117dfb14f83ac63483267b3d2e,0,0,0,0,0,0,0,0,0,0,0,0,0,0,0
416992baa643139a218776003845afa9,0,0,0,0,0,0,0,0,0,0,0,0,0,0,0
f34a49b99153065c999f18a4d02a160b,0,0,0,0,0,0,0,0,0,0,0,0,0,0,0
07f5fd15a6929b08990b4db2faf082b0,0,0,0,0,0,0,0,0,0,0,0,0,0,0,0
e3db7b55dc6d8462137343ef0cd4e69c,0,0,0,0,7,0,0,0,0,0,0,0,0,0,0
44a1e501594b7d4cae479d73a1762afe,0,0,0,0,0,0,0,0,0,0,0,0,0,0,0
660bb921917aaee2434c8d7dbaf45952,0,0,0,0,0,0,0,0,0,0,0,0,0,0,0
425a02d889861ca5befbec2ce5f0f4fe,0,0,0,0,0,0,0,0,0,0,0,0,0,0,0
207143675453f12fc2e666d380bc8a9d,0,0,0,0,0,0,0,0,0,0,0,0,0,0,0
6d05866ad028b891fbd9550ff823a421,0,0,0,0,0,0,0,0,0,0,0,0,0,0,0
26dd084d539f2e00b51b3b317667329b,0,0,0,0,0,0,0,0,0,0,0,0,0,0,0
edc431f994f5f2138b4575c411af69bd,0,0,0,0,0,0,0,0,0,0,0,0,0,0,0
f070329a2f45855ab591aa02f1bb3556,0,0,0,0,0,0,0,0,0,0,0,0,0,0,0
b7b8607e4d3438b564ae72218cb6a266,0,0,0,0,0,0,0,0,0,0,0,0,0,0,0
23dbb7af2decbb34f7cb58746a5a3615,0,0,0,0,0,0,0,0,0,0,0,0,0,0,0
a66200cf79fc49ab4b79c5676739bd87,0,0,0,0,0,0,0,0,0,0,0,0,0,0,0
0bc52f60e566daa164145d2d0f366b0a,0,0,0,0,0,0,0,0,0,0,0,0,0,0,0
4b29a6aeaf5dd99271c7b5b8f6348d74,0,0,0,0,0,0,0,0,0,0,0,0,0,0,0
73b095f14ae147cdcb6b42be863c8f8c,0,0,0,0,0,0,0,0,0,0,0,0,0,0,0
c33b77753adc0229c9047eaed2160da6,0,0,0,0,0,0,0,0,0,0,0,0,0,0,0
b3bbd9d08a430284b8a93d1afd184979,0,0,0,0,0,0,0,0,0,0,0,0,0,0,0
78f9938ec27c2f113678206a12f362b0,0,0,0,0,0,0,0,0,0,0,0,0,0,0,0
9de58199c60613359550db65cd1c7250,0,0,0,0,0,0,0,0,0,0,0,0,0,0,0
fd0ab623a5eda48da6e369b4586c4b8a,0,0,0,0,0,0,0,0,0,0,0,0,0,0,0
9d6367bdcdd8bb4bdd3f724488085bb1,0,0,0,0,0,0,0,0,0,0,0,0,0,0,0
fa60f88d869631d721d2c5b543c21bce,0,0,0,0,0,0,0,0,0,0,0,0,0,0,0
8a57e054b93d83526a0f8faa1de6451e,0,0,0,0,0,0,0,0,0,0,0,0,0,0,0
6bceb7e9f5803c0d6c445de9b2861de2,0,0,0,0,0,0,0,0,0,0,0,0,0,0,0
dc70854c4fae5c8be647127ec60d95b6,0,0,0,0,0,0,0,0,0,0,0,0,0,0,0
8b8bc745c457bab851bb0f1c2ea0db1d,0,0,0,0,0,0,0,0,0,0,0,0,0,0,0
fe46e3db4c63b7f9e13d012551e331d3,0,0,0,0,0,0,0,0,0,0,0,0,0,0,0
8f0e6099e4e2f3b643c97afc752127f5,0,0,0,0,0,0,0,0,0,0,0,0,0,0,0
f5c6f3fed9343d8ea2792cf246ae196f,0,0,0,0,0,0,0,0,0,0,0,0,0,0,0
ae52e862b76a5eacacd9237620511182,0,0,0,0,0,0,0,0,0,0,0,0,0,0,0
ca36af9d079fbe9e74a56506ef8e59f5,0,0,0,0,0,0,0,0,0,0,0,0,0,0,0
6625859f1aea76c91ba3a2191cccd8a6,0,0,0,0,0,0,0,0,0,0,0,0,0,0,0
4b3134004bd035d2c3afd021b56379f9,0,0,0,0,0,0,0,0,0,0,0,0,0,0,0
5b7c954e12e78f700e409dd55fd6ca07,0,0,0,0,0,0,0,0,0,0,0,0,0,0,0
c218bfb200d68da93e1564b12583ef55,0,0,0,0,0,0,0,0,0,0,0,0,0,0,0
b2f70acdda13f035ad4d4824da2a00fd,0,0,0,0,0,0,0,0,0,0,0,0,0,0,0
bfe6729e5d0410105de528484361801a,0,0,0,0,0,0,0,0,0,0,0,0,0,0,0
d1bfa6b30faa50cf6e6994e15e305d69,0,0,0,0,0,0,0,0,0,0,0,0,0,0,0
8a4fdb9350c616446e8898625f61359a,0,0,0,0,0,0,0,0,0,0,0,0,0,0,0
877cbc087a7cb5e69ee320ba18dda64c,0,0,0,0,0,0,0,0,0,0,0,0,0,0,0
648debd0b1f73c7403486ff40082e205,0,0,0,0,0,0,0,0,0,0,0,0,0,0,0
23547bb374b73366b40ac9fa6ded0873,0,0,0,0,4,0,0,0,0,0,0,0,0,0,0
5239ec98bf3a9f37fd2e27f82725b822,0,0,0,0,0,0,0,0,0,0,0,0,0,0,0
a1c4827ae4cb47e88d4e3b6bdbbcc6bf,0,0,0,0,0,0,0,0,0,0,0,0,0,0,0
7013a9d6f6c3772e112340347590f86b,0,0,0,0,0,0,0,0,0,0,0,0,0,0,0
4b583de6cfb08c778c635c86767d1a58,0,0,0,0,0,0,0,0,0,0,0,0,0,0,0
32545f19906650787d2b4cf4311e57a7,0,0,0,0,0,0,0,0,0,0,0,0,0,0,0
d10fed04eacc6324101999c33171ab46,0,0,0,0,0,0,0,0,0,0,0,0,0,0,0
cc5a2ac6e4fe98b4051ffbea6dfcbac8,0,0,0,0,0,0,0,0,0,0,0,0,0,0,0
9a311bceeda06a193b731ce5f66a1bcd,0,0,0,0,0,0,0,0,0,0,0,0,0,0,0
20d537ca703ff47bb1bb3ac13cb8ac7c,0,0,0,0,0,0,0,0,0,0,0,0,0,0,0
366f74bbf9cb5460a76f5ddce208821d,0,0,0,0,0,0,0,0,0,0,0,0,0,0,0
9d342ddf0ff7ef561773685523dd9ad7,0,0,0,0,0,0,0,0,0,0,0,0,0,0,0
2dac239179844220080e45bcd4302f70,0,0,0,0,0,0,0,0,0,0,0,0,0,0,0
d6ad17c7da7bb8672051e012bcad836b,0,0,0,0,0,0,0,0,0,0,0,0,0,0,0
4e191125711696ccb834240aa4a2cbaa,0,0,0,0,0,0,0,0,0,0,0,0,0,0,0
d718e54b5e555f70e0ce1fc480c8b210,0,0,0,0,0,0,0,0,0,0,0,0,0,0,0
a9c4ba8981051a58f1a5f93a3b294833,0,0,0,0,0,0,0,0,0,0,0,0,0,0,0
c03d25071ec634d42b87b99a048f30ed,0,0,0,0,0,0,0,0,0,0,0,0,0,0,0
b00c519a1785786a9088d63bac78ac05,0,0,0,0,0,0,0,0,0,0,0,0,0,0,0
20b3eb9832f4e55dfb17d5fd5e01fa13,0,0,0,0,0,0,0,0,3,0,0,0,0,0,0
c92affcebf08e5d1d80b4d67a9c2b0fe,0,0,0,0,0,0,0,0,0,0,0,0,0,0,0
2beaf7d488595d99277225284d7a3e8d,0,0,0,0,0,0,0,0,0,0,0,0,0,0,0
2f8bd7d0b8af1003f8419d754b221415,0,0,0,0,0,0,0,0,0,0,0,0,0,0,0
627ac29930b59dd614be6cda1edab1ab,0,0,0,0,0,0,0,0,0,0,0,0,0,0,0
a6ca22d011b164bfb9e2f73cd2df3c39,0,0,0,0,0,0,0,0,0,0,0,0,0,0,0
16c662015e39e438a2f32aca80ef715f,0,0,0,0,0,0,0,0,0,0,0,0,0,0,0
154ad4dc3ce370603c8fe567e216f76f,0,0,0,0,0,0,0,0,0,0,0,0,0,0,0
af97863cd8f974cfed805272eb410c51,0,0,0,0,0,0,0,0,0,0,0,0,0,0,0
3c66d1ce745e502dd0d016c5c307cec2,0,0,0,0,0,0,0,0,0,0,0,0,0,0,0
025f6a8c45ec4792b8f13ee91c5bd54a,0,0,0,0,0,0,0,0,0,0,0,0,0,0,0
64283cd816ab5452fc60127b15f8c372,0,0,0,0,0,0,0,0,0,0,0,0,0,0,0
6bfdda83904158d76ac86182413eb8f2,0,0,0,2,0,0,0,0,0,0,0,0,0,0,0
b311b5e740743a41348b0f1a1d35bbb8,0,0,0,0,0,0,0,0,0,0,0,0,0,0,0
8dca3f2fe9e66657a910a2d056f9c1f7,0,0,0,0,0,0,0,0,0,0,0,0,0,0,0
ac1f76d1d7f6a8ba0334b8a9e992882b,0,0,0,0,0,0,0,0,0,0,0,0,0,0,0
c5797f5a00ab803c0da380de051858ef,0,0,0,0,0,0,0,0,0,0,0,0,0,0,0
afaf8831436f2ffec1d26252347a137f,0,0,0,0,0,0,0,0,0,0,0,0,0,0,0
900a462c8ec7960eab774ab2e868f257,0,0,0,0,0,0,0,0,0,0,0,0,0,0,0
ffde79bd428c05a30734d120c2036e78,0,0,0,0,0,0,0,0,0,0,0,0,0,0,0
0ad2b4fbb46d16ea84379abfcc39bfb2,0,0,0,0,0,0,0,0,0,0,0,0,0,0,0
cc597e97a6a28f88d0744918034f6b26,0,0,0,0,0,0,0,0,0,0,0,0,0,0,0
5a426929e9f563adbb8dd6304c93633b,0,0,0,0,0,0,0,0,0,0,0,0,0,0,0
db076052fbc6c41099dfa6296f183c6d,0,0,0,0,0,0,0,0,0,0,0,0,0,0,0
ad40619cb5ef77c6990a5ab6066ac1d0,0,0,0,0,0,0,0,0,0,0,0,0,0,0,0
855ddd737a13a15435193c3df1dbf1ea,0,0,0,0,0,0,0,0,0,0,0,0,0,0,0
0ca784b37d65c3c75da4b4a5034e673b,0,0,0,0,0,0,0,0,0,0,0,0,0,0,0
ff21569e6d2adf37f7df65981cce06d2,0,0,0,0,0,0,0,0,0,0,0,0,0,0,0
818ac3c00d8a207a9a98fae4e55137d1,0,0,0,0,0,0,0,0,0,0,0,0,0,0,0
883bcb3bdb5314582c895e219f07d5d8,0,0,0,0,0,0,0,0,0,0,0,0,0,0,0
f78d4040bb17c83dda0f711f7df73596,0,0,0,0,0,0,0,0,0,0,0,0,0,0,0
71303bf02abc5743c8cbfb2091c7433f,0,0,0,0,0,0,0,0,0,0,0,0,0,0,0
69c26e6c66d29e359090bbcf389de436,0,0,0,0,0,0,0,0,0,0,0,0,0,0,0
da2146ac014a92bebcaa9a391261e369,0,0,0,0,0,0,0,0,0,0,0,0,0,0,0
bd80f412d00f59eafe075d0aa55d64ed,0,0,0,0,0,0,0,0,0,0,0,0,0,0,0
0e9eac82e7557253c7ab9ea8cae6ff37,0,0,0,0,0,0,0,0,0,0,0,0,0,0,0
e2007803b4b9c33f585b2bd2018b9cc2,0,0,0,0,0,0,0,0,0,0,0,0,0,0,0
f2a2350f6b696e35e36dd14ffa846834,0,0,0,0,0,0,0,0,0,0,0,0,0,0,0
dd9f692de26fa18b7949882b181720ce,0,0,0,0,0,0,0,0,0,0,0,0,0,0,0
82c4391324e9ea3bd6f31711a922226f,0,0,0,0,0,0,0,0,0,0,0,0,0,0,0
a5f1e51b6496f4d03d14de920474b8d4,0,0,0,0,0,0,0,0,0,0,0,0,0,0,0
ffee3791e936cd195a79d8743e0800f2,0,0,0,0,0,0,0,0,0,0,0,0,0,0,0
65ef1fcb25c860970ac8a80b548391ce,0,0,0,0,0,0,0,0,0,0,0,0,0,0,0
46c2904cbfe893fabe93659bfe531001,0,0,0,0,0,0,0,0,0,0,0,0,0,0,0
ac9762946a8f3acaabaa9e3ed376d2a0,0,0,0,0,0,0,0,0,0,0,0,0,0,0,0
705e156693d1d78c44c7e70900097a2b,0,0,0,0,0,0,0,0,0,0,0,0,0,0,0
f1d6a190fdf517df30e91d7419fadc3b,0,0,0,0,0,0,0,0,0,0,0,0,0,0,0
53b0df96430a8afc49d43109455f6140,0,0,0,0,0,0,0,0,0,0,0,0,0,0,0
23db460a0ee8f5ff5c1bb50dcc440638,0,0,0,0,0,0,0,0,0,0,0,0,0,0,0
fc4b465a2b43cd05f097c0b381c1aea5,0,0,0,0,0,0,0,0,0,0,0,0,0,0,0
71826a7b5e02c9f9ddab59f5d0c66d54,0,0,0,0,0,0,0,0,0,0,0,0,0,0,0
8c86dadba28a4f025583f1c3abce9174,0,0,0,0,0,0,0,0,0,0,0,0,0,0,0
1480ca25e3c678a939d2e61361e24d2f,0,0,0,0,0,0,0,0,0,0,0,0,0,0,0
9d59030183b90cc95f6c45fe061f74ca,0,0,0,0,0,0,0,0,0,0,0,0,0,0,0
ad8494363cfc9828d716c5835ccee10f,0,0,0,0,0,0,0,0,0,0,0,0,0,0,0
a90993a8fb8ed2e08acea9669b2165ee,0,0,0,0,0,0,0,0,0,0,0,0,0,0,0
b83e6c9035c53f91a84d60f2e3c52d59,0,0,0,0,0,0,0,0,0,0,0,0,0,0,0
25e06cb3fa0c37969ec1288890794d91,0,0,0,0,0,0,0,0,0,0,0,0,0,0,0
de619edc0a487b0f21f42c83d0a86f2f,0,0,0,0,0,0,0,0,0,0,0,0,0,0,0
56ce29cce049b3018220f7dece67dd87,0,0,0,0,0,0,0,0,0,0,0,0,0,0,0
d2b49371805515fde5be52be2ccd96eb,0,0,0,0,0,0,0,0,0,0,0,0,0,0,0
846d0014fbc9e19f419c616cd353a770,0,0,0,0,0,0,0,0,0,0,0,0,0,0,0
ab5a9b96e7f2edc202947038ebc5e21b,0,0,0,0,0,0,0,0,0,0,0,0,0,0,0
c2518a523d1b156a75242748e0a638cb,0,0,0,0,0,0,0,0,0,0,0,0,0,0,0
00a65c67400c2994353e6407fbcab908,0,0,0,0,0,0,0,0,0,0,0,0,0,0,0
ec8aceb91712972e1724ed70c22a5d3f,0,0,0,0,0,0,0,0,0,0,0,0,0,0,0
191bebeb2db8f14235df6185c7348e63,0,0,0,0,0,0,0,0,0,0,0,0,0,0,0
dc304672596cb315796d5317e2440984,0,0,0,0,0,0,0,0,0,0,0,0,0,0,0
2a7e71c08533077a7ec662d134e18a4c,0,0,0,0,0,0,0,0,0,0,0,0,0,0,0
233a3f8923946e52ed3616cf7f67e57b,0,0,0,0,0,0,0,0,0,0,0,0,0,0,0
42345170f86858b96507d241060e2ffb,0,0,0,0,0,0,0,0,0,0,0,0,0,0,0
6bd4509a02b8e43902e166d6d12cc4df,0,0,0,0,0,0,0,0,0,0,0,0,0,0,0
871db66430d960a20c66f748f5f957eb,0,0,0,0,0,0,0,0,0,0,0,0,0,0,0
82ac0f3b1bfedf368b7d001e640fd65b,0,0,0,0,0,0,0,0,0,0,0,0,0,0,0
4e161a1961831aa97032ff3139f9fdd7,0,0,0,0,0,0,0,0,0,0,0,0,0,0,0
ba5f97b6469ff9840628b005cb197d12,0,0,0,0,0,0,0,0,0,0,0,0,0,0,0
0e03f8e85e74d6e4f899ba3abcb490df,0,0,0,0,0,0,0,0,0,0,0,0,0,0,0
0961a94d4ca51d457189433626d0de8e,0,0,0,0,0,0,0,0,0,0,0,0,0,0,0
49e5d8373e91470d632ae3b6e832e709,0,0,0,0,0,0,0,0,0,0,0,0,0,0,0
27ff9fd567c99c47c9004096da1ed909,0,0,0,0,0,0,0,0,0,0,0,0,0,0,0
1d8edfc2d139d762b257216b86883d79,0,0,0,0,0,0,0,0,0,0,0,0,0,0,0
ca15290cd381ddd77d6332cefa703650,0,0,0,0,0,0,0,0,0,0,0,0,0,0,0
d4d54c0b64dfe8fc6bdd9d3eafa98ccb,0,0,0,0,0,0,0,0,0,0,0,0,0,0,0
7b181ba9c119cdbc425dd437d7cb8464,0,0,0,0,0,0,0,0,0,0,0,0,0,0,0
5f64c224b47338cbf1367561381b2f39,0,0,0,0,0,0,0,0,0,0,0,0,0,0,0
c7651116da04f96d966c55fd6c91a3c6,0,0,0,0,0,0,0,0,0,0,0,0,0,0,0
b604cd8d5bd3992d1a08de3699ef1a29,0,0,0,0,0,0,0,0,0,0,0,0,0,0,0
f82bb205b3e59f30d271cd1220c002f2,0,0,0,0,0,0,0,0,0,0,0,0,0,0,0
5d5d7a3ae68449c075387abf4b793d3f,0,0,0,0,0,0,0,0,0,0,0,0,0,0,0
89f02c779bce40940714ca2fa9414af8,0,0,0,0,0,0,0,0,0,0,0,0,0,0,0
e993220b4adc2d5c69ee6066dd9ca1f6,0,0,0,0,0,0,0,0,0,0,0,0,0,0,0
71c91f08ef06a18e0e2094023ec66f41,0,0,0,0,0,0,0,0,0,0,0,0,0,0,0
843a51e682a50f7e11f5a63194c683cb,0,0,0,0,0,0,0,0,0,0,0,0,0,0,0
583064ac17d7b285223556e5a3cea7b0,0,0,0,0,0,0,0,0,0,0,0,0,0,0,0
359f1ee85fe4030673474cc25bdf1e86,0,0,0,0,0,0,0,0,0,0,0,0,0,0,0
389f249057497964ffa1cc73fdf95583,0,0,0,0,0,0,0,0,0,0,0,0,0,0,0
82d583f4a448f0e0d84832384de500dd,0,0,0,0,0,0,0,0,0,0,0,0,0,0,0
2311fb46440dcd3e94ac60deab10c751,0,0,0,0,0,0,0,0,0,0,0,0,0,0,0
fa824d109d11da414c99b6fb2ea52f40,0,0,0,0,0,0,0,0,0,0,0,0,0,0,0
f72eec3157053f54136f9a6e9672a5c9,0,0,0,0,0,0,0,0,0,0,0,0,0,0,0
2c465c9cfe0ae0b4b68c365b4688e951,0,0,0,0,0,0,0,0,0,0,0,0,0,0,0
c83bbcc634ce19f0b29c8e51c2bf2869,0,0,0,0,0,0,0,0,0,0,0,0,0,0,0
7487cf264a0407a8ba59a136516d395c,0,0,0,0,0,0,0,0,0,0,0,0,0,0,0
57f12d016ad28846b44a38352926d508,0,0,0,0,0,0,0,0,0,0,0,0,0,0,0
2a6b3ec43994fb031c30eab9a25fdfd1,0,0,0,0,0,0,0,0,0,0,0,0,0,0,0
aaa58ad3588fa4f157bda5ac39bf7f61,0,0,0,0,0,0,0,0,0,0,0,0,0,0,0
2dad471c34c08502da853a8eccf83ebb,0,0,0,0,0,0,0,0,0,0,0,0,0,0,0
a60e0e65afba4df19690d08ebf18e9c9,0,0,0,0,0,0,0,0,0,0,0,0,0,0,0
7538bcfacfa6ba027ebeef5c2bdaa579,0,0,0,0,0,0,0,0,0,0,0,0,0,0,0
7769139ab1fdc5962b0cf92150658597,0,0,0,0,0,0,0,0,0,0,0,0,0,0,0
cdf38d1bf45a749a6ecdc4942358fa94,0,0,0,0,0,0,0,0,0,0,0,0,0,0,0
e31f0bff960bc491958b6215587e92e8,0,0,0,0,0,0,0,0,0,0,0,0,0,0,0
b1805303ef6ac2b9d04e2fc50d057878,0,0,0,0,0,0,0,0,0,0,0,0,0,0,0
68240b7c32717313b5e97856e9ae79ee,0,0,0,0,0,0,0,0,0,0,0,0,0,0,0
74a4d35bc269c724d16fee90974ddfbc,0,0,0,0,0,0,0,0,0,0,0,0,0,0,0
76b99029c6faf5e597f2be7fabc50b34,0,0,0,0,0,0,0,0,0,0,0,0,0,0,0
cf4c53d876c50607a038d741b416264b,0,0,0,0,0,0,0,0,0,0,0,0,0,0,0
eedf3e9122c158ccdb4bc2a13da7b65d,0,0,0,0,0,0,0,0,0,0,0,0,0,0,0
2b7e002bba204f765cfffaad69cb2934,0,0,0,0,0,0,0,0,0,0,0,0,0,0,0
f22eb386b671222c101e64881da259ae,0,0,0,0,0,0,0,0,0,0,0,0,0,0,0
0c6129000d5287477df0c211ebeda1be,0,0,0,0,0,0,0,0,0,0,0,0,0,0,0
f3bb4b6ff5ac0c0cb13bfb76091b7cf4,0,0,0,0,0,0,0,0,0,0,0,0,0,0,0
7c3721fde8d9521c5ca655902428c874,0,0,0,0,0,0,0,0,0,0,0,0,0,0,0
9ce6ce0f73c3e46ac47e74de3dd4bfbe,0,0,0,0,0,0,0,0,0,0,0,0,0,0,0
765571e9f7226d409e67929e8255c37e,0,0,0,0,0,0,0,0,0,0,0,0,0,0,0
bdb3570dc31e01b6ffe32139752da1e7,0,0,0,0,0,0,0,0,0,0,0,0,0,0,0
327058562c5b3cdb464e114e9f1731b9,0,0,0,0,0,0,0,0,0,0,0,0,0,0,0
043e49b480de06ec4e44af156612947a,0,0,0,0,0,0,0,0,0,0,0,0,0,0,0
d292caedd248d8e46c0e1a022b6592b7,0,0,0,0,0,0,0,0,0,0,0,0,0,0,0
f5615f349cec4d9700b13c1f02cf637a,0,0,0,0,0,0,0,0,0,0,0,0,0,0,0
26bf3cd4a0e8c2682488d81470e955a8,0,0,0,0,0,0,0,0,0,0,0,0,0,0,0
b51e733ba8b9e40c1232a19e8ede29e0,0,0,0,0,0,0,0,0,0,0,0,0,0,0,0
1b3212a990458e52f1f49972690f7c58,0,0,0,0,0,0,0,0,0,0,0,0,0,0,0
d2f9f69639386e3b488aa5ce0d5d150f,0,0,0,0,0,0,0,0,0,0,0,0,0,0,0
79f327afa06e612738279efb44c84391,0,0,0,0,0,0,0,0,0,0,0,0,0,0,0
17a9250e6a3e968da19b52a80088dd24,0,0,0,0,0,0,0,0,0,0,0,0,0,0,0
e582b6793767f1332417ee8cbfc90e56,0,0,0,0,0,0,0,0,0,0,0,0,0,0,0
68cce81ea034cb7c53cd71a53561688d,0,0,0,0,0,0,0,0,0,0,0,0,0,0,0
3fb8eb70d2213464aac4a3c97fb1657c,0,0,0,0,0,0,0,0,0,0,0,0,0,0,0
a5508f70d184d99cc48c75c80d107546,0,0,0,0,0,0,0,0,0,0,0,0,0,0,0
f8e07a032a0fe8c2c98d7a604652026c,0,0,0,0,0,0,0,0,0,0,0,0,0,0,0
3e257f18d8c281cb7e9cf1286b62f653,0,0,0,0,0,0,0,0,0,0,0,0,0,0,0
a0a215e419661714c88622c1462f3aa4,0,0,0,0,0,0,0,0,0,0,0,0,0,0,0
a94407a0ed5539d2661b5895d100326c,0,0,0,0,0,0,0,0,0,0,0,0,0,0,0
3b488e43426b01c0ccc886d64894a02e,0,0,0,0,0,0,0,0,0,0,0,0,0,0,0
e25da5bca29f1737f1c1f25fc578c245,0,0,0,0,0,0,0,0,0,0,0,0,0,0,0
7da45c8bdf1c1dcb2f10e14f11d519d2,0,0,0,0,0,0,0,0,0,0,0,0,0,0,0
beb4dff8f44917574c1f4b6b9880d48f,0,0,0,0,0,0,0,0,0,0,0,0,0,0,0
1cebb7f12e77746c8905ec7c3fb872e5,0,0,0,0,0,0,0,0,0,0,0,0,0,0,0
a7616864a874719d4ae3131318324fbf,0,0,0,0,0,0,0,0,0,0,0,0,0,0,0
8da851c88d5e5ca3abe0ef7d8aeab04b,0,0,0,0,0,0,0,0,0,0,0,0,0,0,0
baad76ab5d7c7f04d7523a71f4852e2d,0,0,0,0,0,0,0,0,0,0,0,0,0,0,0
3e64c78ce732acd467e68a95a6704a3f,0,0,0,0,0,0,0,0,0,0,0,0,0,0,0
6840326253facb753036ec32e482e95e,0,0,0,0,0,0,0,0,0,0,0,0,0,0,0
365f7bc623a1c4f63b078ee8d86068c2,0,0,0,0,0,0,0,0,0,0,0,0,0,0,0
826b5ee42846edaed43f33217badabbd,0,0,0,0,0,0,0,0,0,0,0,0,0,0,0
121bc8ed93b3a53508ae5fe8143eba7d,0,0,0,0,0,0,0,0,0,0,0,0,0,0,0
8a5103f3018a32544af5cc2336618389,0,0,0,0,0,0,0,0,0,0,0,0,0,0,0
e1bc9c185b9f69c875c4894857d6f849,0,0,0,0,0,0,0,0,0,0,0,0,0,0,0
361f6e7720f1327eab0c90dc60d57557,0,0,0,0,0,0,0,0,0,0,0,0,0,0,0
537cd2dc28f0202df12903aefd956efd,0,0,0,0,0,0,0,0,0,0,0,0,0,0,0
8dd6971c7b1cd7e37908b20e5156c65d,0,0,0,0,0,0,0,0,0,0,0,0,0,0,0
b2c9f5b5a0660cc20299402e3c7f717c,0,0,0,0,0,0,0,0,0,0,0,0,0,0,0
dd1ab2820f98a958acac59957048c1e2,0,0,0,0,0,0,0,0,0,0,0,0,0,0,0
af918db615156155e2411420926a25f4,0,0,0,0,0,0,0,0,0,0,0,0,0,0,0
7dde8e7c6f62232621e296779a944216,0,0,0,0,0,0,0,0,0,0,0,0,0,0,0
1a7ad121fd091c7716c0c07e190173d1,0,0,0,0,0,0,0,0,0,0,0,0,0,0,0
2f13ef13a44fbd67aa4847915bf630d8,0,0,0,0,0,0,0,0,0,0,0,0,0,0,0
f712ebfc233f0f241759333257fbd8d2,0,0,0,0,0,0,0,0,0,0,0,0,0,0,0
41951bc5a30bf2dff4b46b56412552e8,0,0,0,0,0,0,0,0,0,0,0,0,0,0,0
a16d7cecb403416c8d9602d6f5ec05d2,0,0,0,0,0,0,0,0,0,0,0,0,0,0,0
6f0e8e9139e356ddc929028e9fee4908,0,0,0,0,0,0,0,0,0,0,0,0,0,0,0
e29c610891ad7c5f78b1f4a1c7a007fe,0,0,0,0,0,0,0,0,0,0,0,0,0,0,0
26038c65bc9848a276c58f6ca12207b8,0,0,0,0,0,0,0,0,0,0,0,0,0,0,0
899c8147554baf547d427cf4e7264ee6,0,0,0,0,0,0,0,0,0,0,0,0,0,0,0
9835d38a29e65b862841f5aa5e73c690,0,0,0,0,0,0,0,0,0,0,0,0,0,0,0
b67a07e8172d73f018228ed8ad1fd5fb,0,0,0,0,0,0,0,0,0,0,0,0,0,0,0
605b14d540fe24c075c9b40adb8e9f32,0,0,0,0,0,0,0,0,0,0,0,0,0,0,0
1406f6c29e913557eb333ed2d7e1c464,0,0,0,0,0,0,0,0,0,0,0,0,0,0,0
af0c1b32f66a6454ecccfc263620c33e,0,0,0,0,0,0,0,0,0,0,0,0,0,0,0
938ec7d9add1e997afcaf4b34a5003cb,0,0,0,0,0,0,0,0,0,0,0,0,0,0,0
56fe0cb616cb1250caed230e226215e2,0,0,0,0,0,0,0,0,0,0,0,0,0,0,0
d4137581a889322207596a32a2ee8343,0,0,0,0,0,0,0,0,0,0,0,0,0,0,0
0ddfbc2a67f813d97b74a933216f7af0,0,0,0,0,0,0,0,0,0,0,0,0,0,0,0
3c81b2126a864b7e57280cb8d8d21c09,0,0,0,0,0,0,0,0,0,0,0,0,0,0,0
e0aa4859f11b177a94851c9612495757,0,0,0,0,0,0,0,0,0,0,0,0,0,0,0
1a3fe19fa82429a2bbaa10ebbdf2a8b2,0,0,0,0,0,0,0,0,0,0,0,0,0,0,0
2537fda0446317d26c7b95437ab4041e,0,0,0,0,0,0,0,0,0,0,0,0,0,0,0
952c93fdd58dba804d4b557bd3d0a721,0,0,0,0,0,0,0,0,0,0,0,0,0,0,0
934f9bb67ab2ee640b9a0f3cc777e63d,0,0,0,0,0,0,0,0,0,0,0,0,0,0,0
143cdaf35f6fd5878a34cacb996aab55,0,0,0,0,0,0,0,0,0,0,0,0,0,0,0
813242bc7b7bdc60e0fddaf0cb80fbba,0,0,0,0,0,0,0,0,0,0,0,0,0,0,0
fd456ceba68635ecfd1b654fee674cab,0,0,0,0,0,0,0,0,0,0,0,0,0,0,0
44e2a0805bfb6793d0a21d277c3b7352,0,0,0,0,0,0,0,0,0,0,0,0,0,0,0
d4782fd5b1e7290b6fb91449e3e83837,0,0,0,0,0,0,0,0,0,0,0,0,0,0,0
dd62490834ebda101fc38b1584cc2021,0,0,0,0,0,0,0,0,0,0,0,0,0,0,0
e167372d045d36baca3736ac3bed085d,0,0,0,0,0,0,0,0,0,0,0,0,0,0,0
b9bd8e92592140045be83dceb7a39412,0,0,0,0,0,0,0,0,0,0,0,0,0,0,0
9c64b350bd6c6306db79a7b967808f5a,0,0,0,0,0,0,0,0,0,0,0,0,0,0,0
1faa83185fe72ec5616f0f7a2c4dc498,0,0,0,0,0,0,0,0,0,0,0,0,0,0,0
b5ff5595284680bec5e676506bff3716,0,0,0,0,0,0,0,0,0,0,0,0,0,0,0
3c20bf5713059752d17139be20c950cb,0,0,0,0,0,0,0,0,0,0,0,0,0,0,0
bf74b820a98ab0014ff206fa941cecb4,0,0,0,0,0,0,0,0,0,0,0,0,0,0,0
db01673154178afdeb2e074d7c2c7cee,0,0,0,0,0,0,0,0,0,0,0,0,0,0,0
72b50ead1e8b195c4e75b85c0838c75e,0,0,0,0,0,0,0,0,0,0,0,0,0,0,0
d7e100b7381b170a2128f6040143d32a,0,0,0,0,0,0,0,0,0,0,0,0,0,0,0
13f503d58b59050c428c8d77aca51dd3,0,0,0,0,0,0,0,0,0,0,0,0,0,0,0
3f63b1baaff649a0aa85daa9915d34cd,0,0,0,0,0,0,0,0,0,0,0,0,0,0,0
e6cd8f9b18958183adb66fe91d6c3f0a,0,0,0,0,0,0,0,0,0,0,0,0,0,0,0
12b0385ec9a2a1fe16b2e54819958114,0,0,0,0,0,0,0,0,0,0,0,0,0,0,0
306362565a3e596f393669eaa5bb2da5,0,0,0,0,0,0,0,0,0,0,0,0,0,0,0
8eec83a23736879e32642dfd1e2c01b7,0,0,0,0,0,0,0,0,0,0,0,0,0,0,0
042b57e3d56c1021dcb396fe72c35bbc,0,0,0,0,0,0,0,0,0,0,0,0,0,0,0
a5aaf7a83b21d3320d1fee2a3fa60876,0,0,0,0,0,0,0,0,0,0,0,0,0,0,0
1a99102dd712fab24c971971e7af45ef,0,0,0,0,0,0,0,0,0,0,0,0,0,0,0
8877503c56247b2ef2a4c6b11544e253,0,0,0,0,0,0,0,0,0,0,0,0,0,0,0
2e9fced17038f8775236e334733e109d,0,0,0,0,0,0,0,0,0,0,0,0,0,0,0
a0376229436731aac49f758612f5290f,0,0,0,0,0,0,0,0,0,0,0,0,0,0,0
b611bd7ea27ff1a9f21c38664fb34233,0,0,0,0,0,0,0,0,0,0,0,0,0,0,0
ab62d768a7e605b594bbe90ea2a4386f,0,0,0,0,0,0,0,0,0,0,0,0,0,0,0
3e8fd0d5c7c3f09b87a3cfe3cd799512,0,0,0,0,0,0,0,0,0,0,0,0,0,0,0
4b376404e56b3832aa2a91e9b228e128,0,0,0,0,0,0,0,0,0,0,0,0,0,0,0
3dacfa2e5ddc3beec7701e69d5d664ba,0,0,0,0,0,0,0,0,0,0,0,0,0,0,0
05980175c6a1584b0762bc05e45f5eaa,0,0,0,0,0,0,0,0,0,0,0,0,0,0,0
4669faf6c387c7074b70e245cfb5c241,0,0,0,0,0,0,0,0,0,0,0,0,0,0,0
8325f9f3081e5df05c6f778339dc9788,0,0,0,0,0,0,0,0,0,0,0,0,0,0,0
08d06ebca7c54cca7380042c030f1907,0,0,0,0,0,0,0,0,0,0,0,0,0,0,0
2fb24fa91ca67a6788b774ebfb20a8b7,0,0,0,0,0,0,0,0,0,0,0,0,0,0,0
e183b1f1ebae03b4778519dd0bb26a21,0,0,0,0,0,0,0,0,0,0,0,0,0,0,0
e35a8201920911b10c1d8c9138e2f9ae,0,0,0,0,0,0,0,0,0,0,0,0,0,0,0
ea0bd8b012c2d53cf4a8d33c067f2623,0,0,0,0,0,0,0,0,0,0,0,0,0,0,0
bf1a432772a73f49e5120a3637b7a8a9,0,0,0,0,0,0,0,0,0,0,0,0,0,0,0
7be49330ba7cc3120861268cc64b4e79,0,0,0,0,0,0,0,0,0,0,0,0,0,0,0
94148acad3aada57dfdad18f95f3f653,0,0,0,0,0,0,0,0,0,0,0,0,0,0,0
f4290e22d13bbe3ce863e81b9bfb520b,0,0,0,0,0,0,0,0,0,0,0,0,0,0,0
9ac348951ce8a97e4bed1ae960908bc7,0,0,0,0,0,0,0,0,0,0,0,0,0,0,0
1e854bb91a1cf1dd30fefec4adbb1d88,0,0,0,0,0,0,0,0,0,0,0,0,0,0,0
1cb77c431f4c72ee8914623f9f0ab2fb,0,0,0,0,0,0,0,0,0,0,0,0,0,0,0
5a2c21f9cfdaf6de1dbeb4233fd941e3,0,0,0,0,0,0,0,0,0,0,0,0,0,0,0
77f5631cd8fd894c66fc77fa39f47c0e,0,0,0,0,0,0,0,0,0,0,0,0,0,0,0
e2276910d5354b0d5572ceb516ff1d36,0,0,0,0,0,0,0,0,0,0,0,0,0,0,0
5ec98947dd42ee29d4e2fee940364a95,0,0,0,0,0,0,0,0,0,0,0,0,0,0,0
5bcbc689c4f8196e9a41343ae71092a1,0,0,0,0,0,0,0,0,0,0,0,0,0,0,0
e62c57d8d8a25cc15a1b47975a20e9bb,0,0,0,0,0,0,0,0,0,0,0,0,0,0,0
b4bf2e17477da81eff69891c150603b8,0,0,0,0,0,0,0,0,0,0,0,0,0,0,0
3c8652f9809f21b4c1b0bf98f6f7a642,0,0,0,0,0,0,0,0,0,0,0,0,0,0,0
d05c27d38f82270d3d383269373195af,0,0,0,0,0,0,0,0,0,0,0,0,0,0,0
a108c566d1552af1a4b3030b592eb018,0,0,0,0,0,0,0,0,0,0,0,0,0,0,0
6e22f07d7225b75e82cc8656c4c4ef1a,0,0,0,0,0,0,0,0,0,0,0,0,0,0,0
a187f0a86c4366ef3908dc8e34534163,0,0,0,0,0,0,0,0,0,0,0,0,0,0,0
b7dc52823e6e82edc6243c2f6a4eeba7,0,0,0,0,0,0,0,0,0,0,0,0,0,0,0
5fd9601dea4961579500b2869e7bc4d7,0,0,0,0,0,0,0,0,0,0,0,0,0,0,0
41d5bf5e6c460ffe593d9681e758fc11,0,0,0,0,0,0,0,0,0,0,0,0,0,0,0
d03843175c302abad267c1b402954af8,0,0,0,0,0,0,0,0,0,0,0,0,0,0,0
fd3e5c9c13dac38460374d5dc1d33ed2,0,0,0,0,0,0,0,0,0,0,0,0,0,0,0
42472a3e9ee28081032d260dda6d8abf,0,0,0,0,0,0,0,0,0,0,0,0,0,0,0
af0e4af3b9aa5950ddfacc4660b0a7df,0,0,0,0,0,0,0,0,0,0,0,0,0,0,0
1077adafb6b9e5b0e2b2734803e1b806,0,0,0,0,0,0,0,0,0,0,0,0,0,0,0
f18b6264e6a64402d0d8d8602d03095e,0,0,0,0,0,0,0,0,0,0,0,0,0,0,0
cb824ccd700469eace2187f9519136ef,0,0,0,0,0,0,0,0,0,0,0,0,0,0,0
178806339961a8f33fc34b99f7183e4b,0,0,0,0,0,0,0,0,0,0,0,0,0,0,0
4b29578674570f25e48453c5d6721429,0,0,0,0,0,0,0,0,0,0,0,0,0,0,0
30c22f91db063c9e3f3a6e53b21fbcec,0,0,0,0,0,0,0,0,0,0,0,0,0,0,0
88267e098066da8ddbd7eb8b44e3bed8,0,0,0,0,0,0,0,0,0,0,0,0,0,0,0
354ddaa590e2ad5084ecfdc62b7d73ed,0,0,0,0,0,0,0,0,0,0,0,0,0,0,0
992a1745d27b0b1442a62ba1f787f46d,0,0,0,0,0,0,0,0,0,0,0,0,0,0,0
dd290b9b410097d525c9ea1768cb314f,0,0,0,0,0,0,0,0,0,0,0,0,0,0,0
975117f30751d7c94ab89349715b7ffc,0,0,0,0,0,0,0,0,0,0,0,0,0,0,0
5b4fdd584fe0ca217e19dfa67cf7c277,0,0,0,0,0,0,0,0,0,0,0,0,0,0,0
5f29263cae8b324f6b9f271c185ed007,0,0,0,0,0,0,0,0,0,0,0,0,0,0,0
0c35bbe3a6df9fd343bad542f31dcece,0,0,0,0,0,0,0,0,0,0,0,0,0,0,0
f3cac7c084be2c6c3633ebe62fa5ce2b,0,0,0,0,0,0,0,0,0,0,0,0,0,0,0
15268b941519e997913a3765ba401f56,0,0,0,0,0,0,0,0,0,0,0,0,0,0,0
63ac75b682d741d1fcea72ea02d3106d,0,0,0,0,0,0,0,0,0,0,0,0,0,0,0
dde8ec326f31e5a2be6fd341b5134482,0,0,0,0,0,0,0,0,0,0,0,0,0,0,0
1600e19a7dd5ea8505a8ce2903b246a0,0,0,0,0,0,0,0,0,0,0,0,0,0,0,0
2a8c752a866cac7086ac01cd9ca0144d,0,0,0,0,0,0,0,0,0,0,0,0,0,0,0
164ecb62d77ec4f454968300435b492b,0,0,0,0,0,0,0,0,0,0,0,0,0,0,0
df7bd134cc649054884a68e2e23d5fc4,0,0,0,0,0,0,0,0,0,0,0,0,0,0,0
731eae7f19a4f7ccd04ecddcf5128083,0,0,0,0,0,0,0,0,0,0,0,0,0,0,0
97a1b4ec94108a56767ded3ce6994133,0,0,0,0,0,0,0,0,0,0,0,0,0,0,0
f6ba25277f8b84f65013c23316794984,0,0,0,0,0,0,0,0,0,0,0,0,0,0,0
9659bc369490317f8b5faa43ae4780d4,0,0,0,0,0,0,0,0,0,0,0,0,0,0,0
818e508c3c806e8b90d9c91d9b95a07d,0,0,0,0,0,0,0,0,0,0,0,0,0,0,0
6187922d9ca1f09085e742855de77518,0,0,0,0,0,0,0,0,0,0,0,0,0,0,0
ea5f065b68785634541b719b556fe1f0,0,0,0,0,0,0,0,0,0,0,0,0,0,0,0
ff2241eca7884a127704d2d59f93bde6,0,0,0,0,0,0,0,0,0,0,0,0,0,0,0
c0d411816110dbdf007349dec7b393c7,0,0,0,0,0,0,0,0,0,0,0,0,0,0,0
81f969f18de5201d52f2754f5409218d,0,0,0,0,0,0,0,0,0,0,0,0,0,0,0
6b5c5d1321660aae7e6b2bf00ccd5de1,0,0,0,0,0,0,0,0,0,0,0,0,0,0,0
538570db4b608f723e6642a5828c8b62,0,0,0,0,0,0,0,0,0,0,0,0,0,0,0
60f723ddafa9b961d658a4fc3eb685d0,0,0,0,0,0,0,0,0,0,0,0,0,0,0,0
733d2b829c39a681bd9cbab299ecde65,0,0,0,0,0,0,0,0,0,0,0,0,0,0,0
207c553ccb26b2a86d8b10ee74c4fc6a,0,0,0,0,0,0,0,0,0,0,0,0,0,0,0
7a0f56e6bd02544cd2f1b7c4995c41f2,0,0,0,0,0,0,0,0,0,0,0,0,0,0,0
c4a6f5c096393b6ae0a155ada0421e90,0,0,0,0,0,0,0,0,0,0,0,0,0,0,0
9423c57f090b3b9552fed56a4060588c,0,0,0,0,0,0,0,0,0,0,0,0,0,0,0
13eaa924b29726fa00b2056b4ef3dbc8,0,0,0,0,0,0,0,0,0,0,0,0,0,0,0
4220fa0b567cddfa3c47c2146813867c,0,0,0,0,0,0,0,0,0,0,0,0,0,0,0
9846cc64fa3fa1c268343ab9dcc80eb5,0,0,0,0,0,0,0,0,0,0,0,0,0,0,0
714e6718ab3104f37272848c5b858922,0,0,0,0,0,0,0,0,0,0,0,0,0,0,0
f109a74231a0de53573dd735914929a2,0,0,0,0,0,0,0,0,0,0,0,0,0,0,0
019195dcf2b99ac99aaa1c1c1fb5dbdd,0,0,0,0,0,0,0,0,0,0,0,0,0,0,0
0ab20f61c93a97a4c791dc40028a757e,0,0,0,0,0,0,0,0,0,0,0,0,0,0,0
b64487a70a875c1dab23dc656961c556,0,0,0,0,0,0,0,0,0,0,0,0,0,0,0
1e432fff704e5c225b637642610b7c68,0,0,0,0,0,0,0,0,0,0,0,0,0,0,0
6c305796df919f7021489cc371330010,0,0,0,0,0,0,0,0,0,0,0,0,0,0,0
f54693c4c08218dc0c97b74fb7f9e016,0,0,0,0,0,0,0,0,0,0,0,0,0,0,0